row_id,complex_id,mutation_group_id,mutation_count,entity_side,ddg_kcal_mol,structure_source,signature,complex_class,source_mutation,mutation_tokens,partners,protein_1,protein_2,antibody_chains,antigen_chains,structure_mappable,stable_run_candidate,core_v1_eligible,core_v2_eligible,exclusion_codes
1bj1_0018,1BJ1,1bj1_0018,1,antigen,0,experimental,V:F17A@antigen,antibody-antigen,V:F17A,V:F17A@antigen,HL_VW,VEGF,Neutralizing mAb (fab-12),HL,VW,true,true,True,True,
1bj1_0019,1BJ1,1bj1_0019,1,antigen,0,experimental,V:Y21A@antigen,antibody-antigen,V:Y21A,V:Y21A@antigen,HL_VW,VEGF,Neutralizing mAb (fab-12),HL,VW,true,true,True,True,
1bj1_0021,1BJ1,1bj1_0021,1,antigen,2.76,experimental,W:G88A@antigen,antibody-antigen,W:G88A,W:G88A@antigen,HL_VW,VEGF,Neutralizing mAb (fab-12),HL,VW,true,true,True,True,
1bj1_0022,1BJ1,1bj1_0022,1,antigen,3.69,experimental,W:G92A@antigen,antibody-antigen,W:G92A,W:G92A@antigen,HL_VW,VEGF,Neutralizing mAb (fab-12),HL,VW,true,true,True,True,
1bj1_0023,1BJ1,1bj1_0023,1,antigen,0,experimental,W:H86A@antigen,antibody-antigen,W:H86A,W:H86A@antigen,HL_VW,VEGF,Neutralizing mAb (fab-12),HL,VW,true,true,True,True,
1bj1_0024,1BJ1,1bj1_0024,1,antigen,0,experimental,W:H90A@antigen,antibody-antigen,W:H90A,W:H90A@antigen,HL_VW,VEGF,Neutralizing mAb (fab-12),HL,VW,true,true,True,True,
1bj1_0025,1BJ1,1bj1_0025,1,antigen,0.82,experimental,W:I80A@antigen,antibody-antigen,W:I80A,W:I80A@antigen,HL_VW,VEGF,Neutralizing mAb (fab-12),HL,VW,true,true,True,True,
1bj1_0026,1BJ1,1bj1_0026,1,antigen,3.69,experimental,W:I83A@antigen,antibody-antigen,W:I83A,W:I83A@antigen,HL_VW,VEGF,Neutralizing mAb (fab-12),HL,VW,true,true,True,True,
1bj1_0027,1BJ1,1bj1_0027,1,antigen,0.41,experimental,W:I91A@antigen,antibody-antigen,W:I91A,W:I91A@antigen,HL_VW,VEGF,Neutralizing mAb (fab-12),HL,VW,true,true,True,True,
1bj1_0030,1BJ1,1bj1_0030,1,antigen,3.69,experimental,W:M81A@antigen,antibody-antigen,W:M81A,W:M81A@antigen,HL_VW,VEGF,Neutralizing mAb (fab-12),HL,VW,true,true,True,True,
1bj1_0031,1BJ1,1bj1_0031,1,antigen,1.42,experimental,W:M94A@antigen,antibody-antigen,W:M94A,W:M94A@antigen,HL_VW,VEGF,Neutralizing mAb (fab-12),HL,VW,true,true,True,True,
1bj1_0032,1BJ1,1bj1_0032,1,antigen,0,experimental,W:Q79A@antigen,antibody-antigen,W:Q79A,W:Q79A@antigen,HL_VW,VEGF,Neutralizing mAb (fab-12),HL,VW,true,true,True,True,
1bj1_0033,1BJ1,1bj1_0033,1,antigen,0,experimental,W:Q87A@antigen,antibody-antigen,W:Q87A,W:Q87A@antigen,HL_VW,VEGF,Neutralizing mAb (fab-12),HL,VW,true,true,True,True,
1bj1_0034,1BJ1,1bj1_0034,1,antigen,1.75,experimental,W:Q89A@antigen,antibody-antigen,W:Q89A,W:Q89A@antigen,HL_VW,VEGF,Neutralizing mAb (fab-12),HL,VW,true,true,True,True,
1bj1_0036,1BJ1,1bj1_0036,1,antigen,0.82,experimental,W:Y45A@antigen,antibody-antigen,W:Y45A,W:Y45A@antigen,HL_VW,VEGF,Neutralizing mAb (fab-12),HL,VW,true,true,True,True,
1cz8_0037,1CZ8,1cz8_0037,1,antigen,0,experimental,V:F17A@antigen,antibody-antigen,V:F17A,V:F17A@antigen,HL_VW,VEGF,affinity matured mAb (Y0317),HL,VW,true,true,True,True,
1cz8_0038,1CZ8,1cz8_0038,1,antigen,0,experimental,V:Y21A@antigen,antibody-antigen,V:Y21A,V:Y21A@antigen,HL_VW,VEGF,affinity matured mAb (Y0317),HL,VW,true,true,True,True,
1cz8_0040,1CZ8,1cz8_0040,1,antigen,2.67,experimental,W:G88A@antigen,antibody-antigen,W:G88A,W:G88A@antigen,HL_VW,VEGF,affinity matured mAb (Y0317),HL,VW,true,true,True,True,
1cz8_0041,1CZ8,1cz8_0041,1,antigen,4.1,experimental,W:G92A@antigen,antibody-antigen,W:G92A,W:G92A@antigen,HL_VW,VEGF,affinity matured mAb (Y0317),HL,VW,true,true,True,True,
1cz8_0042,1CZ8,1cz8_0042,1,antigen,0,experimental,W:H86A@antigen,antibody-antigen,W:H86A,W:H86A@antigen,HL_VW,VEGF,affinity matured mAb (Y0317),HL,VW,true,true,True,True,
1cz8_0043,1CZ8,1cz8_0043,1,antigen,0,experimental,W:H90A@antigen,antibody-antigen,W:H90A,W:H90A@antigen,HL_VW,VEGF,affinity matured mAb (Y0317),HL,VW,true,true,True,True,
1cz8_0044,1CZ8,1cz8_0044,1,antigen,0.95,experimental,W:I80A@antigen,antibody-antigen,W:I80A,W:I80A@antigen,HL_VW,VEGF,affinity matured mAb (Y0317),HL,VW,true,true,True,True,
1cz8_0045,1CZ8,1cz8_0045,1,antigen,1.3,experimental,W:I83A@antigen,antibody-antigen,W:I83A,W:I83A@antigen,HL_VW,VEGF,affinity matured mAb (Y0317),HL,VW,true,true,True,True,
1cz8_0046,1CZ8,1cz8_0046,1,antigen,1.06,experimental,W:I91A@antigen,antibody-antigen,W:I91A,W:I91A@antigen,HL_VW,VEGF,affinity matured mAb (Y0317),HL,VW,true,true,True,True,
1cz8_0049,1CZ8,1cz8_0049,1,antigen,4.1,experimental,W:M81A@antigen,antibody-antigen,W:M81A,W:M81A@antigen,HL_VW,VEGF,affinity matured mAb (Y0317),HL,VW,true,true,True,True,
1cz8_0050,1CZ8,1cz8_0050,1,antigen,1.91,experimental,W:M94A@antigen,antibody-antigen,W:M94A,W:M94A@antigen,HL_VW,VEGF,affinity matured mAb (Y0317),HL,VW,true,true,True,True,
1cz8_0051,1CZ8,1cz8_0051,1,antigen,0.65,experimental,W:Q79A@antigen,antibody-antigen,W:Q79A,W:Q79A@antigen,HL_VW,VEGF,affinity matured mAb (Y0317),HL,VW,true,true,True,True,
1cz8_0052,1CZ8,1cz8_0052,1,antigen,0,experimental,W:Q87A@antigen,antibody-antigen,W:Q87A,W:Q87A@antigen,HL_VW,VEGF,affinity matured mAb (Y0317),HL,VW,true,true,True,True,
1cz8_0053,1CZ8,1cz8_0053,1,antigen,1.06,experimental,W:Q89A@antigen,antibody-antigen,W:Q89A,W:Q89A@antigen,HL_VW,VEGF,affinity matured mAb (Y0317),HL,VW,true,true,True,True,
1cz8_0055,1CZ8,1cz8_0055,1,antigen,1.94,experimental,W:Y45A@antigen,antibody-antigen,W:Y45A,W:Y45A@antigen,HL_VW,VEGF,affinity matured mAb (Y0317),HL,VW,true,true,True,True,
1dqj_0072,1DQJ,1dqj_0072,1,antigen,1.5,experimental,C:L75A@antigen,antibody-antigen,C:L75A,C:L75A@antigen,C_HL,HYHEL-63,Lysozyme,HL,C,true,true,True,True,
1dqj_0073,1DQJ,1dqj_0073,1,antigen,0.6,experimental,C:N93A@antigen,antibody-antigen,C:N93A,C:N93A@antigen,C_HL,HYHEL-63,Lysozyme,HL,C,true,true,True,True,
1dqj_0075,1DQJ,1dqj_0075,1,antigen,0.8,experimental,C:S100A@antigen,antibody-antigen,C:S100A,C:S100A@antigen,C_HL,HYHEL-63,Lysozyme,HL,C,true,true,True,True,
1dqj_0076,1DQJ,1dqj_0076,1,antigen,0.8,experimental,C:T89A@antigen,antibody-antigen,C:T89A,C:T89A@antigen,C_HL,HYHEL-63,Lysozyme,HL,C,true,true,True,True,
1dqj_0077,1DQJ,1dqj_0077,1,antigen,0.8,experimental,C:W62A@antigen,antibody-antigen,C:W62A,C:W62A@antigen,C_HL,HYHEL-63,Lysozyme,HL,C,true,true,True,True,
1dqj_0078,1DQJ,1dqj_0078,1,antigen,1.3,experimental,C:W63A@antigen,antibody-antigen,C:W63A,C:W63A@antigen,C_HL,HYHEL-63,Lysozyme,HL,C,true,true,True,True,
1dqj_0079,1DQJ,1dqj_0079,1,antigen,3.3,experimental,C:Y20A@antigen,antibody-antigen,C:Y20A,C:Y20A@antigen,C_HL,HYHEL-63,Lysozyme,HL,C,true,true,True,True,
1dqj_0081,1DQJ,1dqj_0081,1,antibody,4.9,experimental,H:W98A@antibody,antibody-antigen,H:W98A,H:W98A@antibody,C_HL,HYHEL-63,Lysozyme,HL,C,true,true,True,True,
1dqj_0082,1DQJ,1dqj_0082,1,antibody,5.5,experimental,H:Y33A@antibody,antibody-antigen,H:Y33A,H:Y33A@antibody,C_HL,HYHEL-63,Lysozyme,HL,C,true,true,True,True,
1dqj_0083,1DQJ,1dqj_0083,1,antibody,6.9,experimental,H:Y50A@antibody,antibody-antigen,H:Y50A,H:Y50A@antibody,C_HL,HYHEL-63,Lysozyme,HL,C,true,true,True,True,
1dqj_0084,1DQJ,1dqj_0084,1,antibody,1.2,experimental,H:Y53A@antibody,antibody-antigen,H:Y53A,H:Y53A@antibody,C_HL,HYHEL-63,Lysozyme,HL,C,true,true,True,True,
1dqj_0085,1DQJ,1dqj_0085,1,antibody,2,experimental,L:N31A@antibody,antibody-antigen,L:N31A,L:N31A@antibody,C_HL,HYHEL-63,Lysozyme,HL,C,true,true,True,True,
1dqj_0086,1DQJ,1dqj_0086,1,antibody,4.1,experimental,L:N32A@antibody,antibody-antigen,L:N32A,L:N32A@antibody,C_HL,HYHEL-63,Lysozyme,HL,C,true,true,True,True,
1dqj_0087,1DQJ,1dqj_0087,1,antibody,1.4,experimental,L:S91A@antibody,antibody-antigen,L:S91A,L:S91A@antibody,C_HL,HYHEL-63,Lysozyme,HL,C,true,true,True,True,
1dqj_0088,1DQJ,1dqj_0088,1,antibody,2.7,experimental,L:Y50A@antibody,antibody-antigen,L:Y50A,L:Y50A@antibody,C_HL,HYHEL-63,Lysozyme,HL,C,true,true,True,True,
1dqj_0089,1DQJ,1dqj_0089,1,antibody,1.1,experimental,L:Y96A@antibody,antibody-antigen,L:Y96A,L:Y96A@antibody,C_HL,HYHEL-63,Lysozyme,HL,C,true,true,True,True,
1jrh_0142,1JRH,1jrh_0142,2,antigen,-0.21,experimental,I:M25L@antigen__I:I28V@antigen,antibody-antigen,"I:M25L,I:I28V",I:M25L@antigen;I:I28V@antigen,HL_I,A6 fab,IFNgammaR1-108,HL,I,true,true,False,True,
1jrh_0146,1JRH,1jrh_0146,2,antigen,-0.21,experimental,I:V83A@antigen__I:R88K@antigen,antibody-antigen,"I:V83A,I:R88K",I:V83A@antigen;I:R88K@antigen,HL_I,A6 fab,IFNgammaR1-108,HL,I,true,true,False,True,
1jrh_0148,1JRH,1jrh_0148,1,antigen,-0.02,experimental,I:T14V@antigen,antibody-antigen,I:T14V,I:T14V@antigen,HL_I,A6 fab,IFNgammaR1-108,HL,I,true,true,True,True,
1mhp_0206,1MHP,1mhp_0206,2,antibody,1.58,experimental,H:S35A@antibody__H:G102S@antibody,antibody-antigen,"H:S35A,H:G102S",H:S35A@antibody;H:G102S@antibody,A_HL,Integrin-I,Neutralizing hu-FAB,HL,A,true,true,False,True,
1mhp_0208,1MHP,1mhp_0208,2,antibody,1.43,experimental,H:S35V@antibody__H:G102S@antibody,antibody-antigen,"H:S35V,H:G102S",H:S35V@antibody;H:G102S@antibody,A_HL,Integrin-I,Neutralizing hu-FAB,HL,A,true,true,False,True,
1mhp_0213,1MHP,1mhp_0213,2,antibody,8,experimental,H:T33Q@antibody__H:G54W@antibody,antibody-antigen,"H:T33Q,H:G54W",H:T33Q@antibody;H:G54W@antibody,A_HL,Integrin-I,Neutralizing hu-FAB,HL,A,true,true,False,True,
1mhp_0214,1MHP,1mhp_0214,2,antibody,8,experimental,H:T33S@antibody__H:G53W@antibody,antibody-antigen,"H:T33S,H:G53W",H:T33S@antibody;H:G53W@antibody,A_HL,Integrin-I,Neutralizing hu-FAB,HL,A,true,true,False,True,
1mhp_0215,1MHP,1mhp_0215,2,antibody,1.67,experimental,H:T50V@antibody__H:G102S@antibody,antibody-antigen,"H:T50V,H:G102S",H:T50V@antibody;H:G102S@antibody,A_HL,Integrin-I,Neutralizing hu-FAB,HL,A,true,true,False,True,
1mhp_0219,1MHP,1mhp_0219,2,antibody,2.08,experimental,H:S35A@antibody__H:T50V@antibody,antibody-antigen,"H:T50V,H:S35A",H:T50V@antibody;H:S35A@antibody,A_HL,Integrin-I,Neutralizing hu-FAB,HL,A,true,true,False,True,
1mhp_0220,1MHP,1mhp_0220,2,antibody,2.73,experimental,H:S35V@antibody__H:T50V@antibody,antibody-antigen,"H:T50V,H:S35V",H:T50V@antibody;H:S35V@antibody,A_HL,Integrin-I,Neutralizing hu-FAB,HL,A,true,true,False,True,
1mhp_0221,1MHP,1mhp_0221,2,antibody,-0.69,experimental,H:T50V@antibody__L:S28Q@antibody,antibody-antigen,"H:T50V,L:S28Q",H:T50V@antibody;L:S28Q@antibody,A_HL,Integrin-I,Neutralizing hu-FAB,HL,A,true,true,False,True,
1mhp_0224,1MHP,1mhp_0224,2,antibody,8,experimental,H:H56N@antibody__H:Y58Q@antibody,antibody-antigen,"H:Y58Q,H:H56N",H:Y58Q@antibody;H:H56N@antibody,A_HL,Integrin-I,Neutralizing hu-FAB,HL,A,true,true,False,True,
1mhp_0225,1MHP,1mhp_0225,2,antibody,0.43,experimental,L:N30Y@antibody__L:S91I@antibody,antibody-antigen,"L:N30Y,L:S91I",L:N30Y@antibody;L:S91I@antibody,A_HL,Integrin-I,Neutralizing hu-FAB,HL,A,true,true,False,True,
1mhp_0226,1MHP,1mhp_0226,2,antibody,0.87,experimental,L:F33Y@antibody__L:W90Q@antibody,antibody-antigen,"L:W90Q,L:F33Y",L:W90Q@antibody;L:F33Y@antibody,A_HL,Integrin-I,Neutralizing hu-FAB,HL,A,true,true,False,True,
1mhp_0227,1MHP,1mhp_0227,1,antibody,0,experimental,H:F99W@antibody,antibody-antigen,H:F99W,H:F99W@antibody,A_HL,Integrin-I,Neutralizing hu-FAB,HL,A,true,true,True,True,
1mhp_0228,1MHP,1mhp_0228,1,antibody,0.76,experimental,H:F99Y@antibody,antibody-antigen,H:F99Y,H:F99Y@antibody,A_HL,Integrin-I,Neutralizing hu-FAB,HL,A,true,true,True,True,
1mhp_0229,1MHP,1mhp_0229,1,antibody,0.57,experimental,H:G100F@antibody,antibody-antigen,H:G100F,H:G100F@antibody,A_HL,Integrin-I,Neutralizing hu-FAB,HL,A,true,true,True,True,
1mhp_0230,1MHP,1mhp_0230,1,antibody,8,experimental,H:G100I@antibody,antibody-antigen,H:G100I,H:G100I@antibody,A_HL,Integrin-I,Neutralizing hu-FAB,HL,A,true,true,True,True,
1mhp_0231,1MHP,1mhp_0231,1,antibody,2.73,experimental,H:G100L@antibody,antibody-antigen,H:G100L,H:G100L@antibody,A_HL,Integrin-I,Neutralizing hu-FAB,HL,A,true,true,True,True,
1mhp_0232,1MHP,1mhp_0232,1,antibody,0.1,experimental,H:G100M@antibody,antibody-antigen,H:G100M,H:G100M@antibody,A_HL,Integrin-I,Neutralizing hu-FAB,HL,A,true,true,True,True,
1mhp_0233,1MHP,1mhp_0233,1,antibody,0.56,experimental,H:G100S@antibody,antibody-antigen,H:G100S,H:G100S@antibody,A_HL,Integrin-I,Neutralizing hu-FAB,HL,A,true,true,True,True,
1mhp_0234,1MHP,1mhp_0234,1,antibody,8,experimental,H:G100V@antibody,antibody-antigen,H:G100V,H:G100V@antibody,A_HL,Integrin-I,Neutralizing hu-FAB,HL,A,true,true,True,True,
1mhp_0235,1MHP,1mhp_0235,1,antibody,8,experimental,H:G102S@antibody,antibody-antigen,H:G102S,H:G102S@antibody,A_HL,Integrin-I,Neutralizing hu-FAB,HL,A,true,true,True,True,
1mhp_0236,1MHP,1mhp_0236,1,antibody,0.51,experimental,H:G53A@antibody,antibody-antigen,H:G53A,H:G53A@antibody,A_HL,Integrin-I,Neutralizing hu-FAB,HL,A,true,true,True,True,
1mhp_0237,1MHP,1mhp_0237,1,antibody,1.26,experimental,H:G53N@antibody,antibody-antigen,H:G53N,H:G53N@antibody,A_HL,Integrin-I,Neutralizing hu-FAB,HL,A,true,true,True,True,
1mhp_0238,1MHP,1mhp_0238,1,antibody,8,experimental,H:G53Q@antibody,antibody-antigen,H:G53Q,H:G53Q@antibody,A_HL,Integrin-I,Neutralizing hu-FAB,HL,A,true,true,True,True,
1mhp_0239,1MHP,1mhp_0239,1,antibody,0.68,experimental,H:G53S@antibody,antibody-antigen,H:G53S,H:G53S@antibody,A_HL,Integrin-I,Neutralizing hu-FAB,HL,A,true,true,True,True,
1mhp_0240,1MHP,1mhp_0240,1,antibody,8,experimental,H:G53W@antibody,antibody-antigen,H:G53W,H:G53W@antibody,A_HL,Integrin-I,Neutralizing hu-FAB,HL,A,true,true,True,True,
1mhp_0241,1MHP,1mhp_0241,1,antibody,1.36,experimental,H:G54I@antibody,antibody-antigen,H:G54I,H:G54I@antibody,A_HL,Integrin-I,Neutralizing hu-FAB,HL,A,true,true,True,True,
1mhp_0242,1MHP,1mhp_0242,1,antibody,8,experimental,H:G54M@antibody,antibody-antigen,H:G54M,H:G54M@antibody,A_HL,Integrin-I,Neutralizing hu-FAB,HL,A,true,true,True,True,
1mhp_0243,1MHP,1mhp_0243,1,antibody,8,experimental,H:G54N@antibody,antibody-antigen,H:G54N,H:G54N@antibody,A_HL,Integrin-I,Neutralizing hu-FAB,HL,A,true,true,True,True,
1mhp_0244,1MHP,1mhp_0244,1,antibody,1.17,experimental,H:G54T@antibody,antibody-antigen,H:G54T,H:G54T@antibody,A_HL,Integrin-I,Neutralizing hu-FAB,HL,A,true,true,True,True,
1mhp_0245,1MHP,1mhp_0245,1,antibody,0,experimental,H:G54Y@antibody,antibody-antigen,H:G54Y,H:G54Y@antibody,A_HL,Integrin-I,Neutralizing hu-FAB,HL,A,true,true,True,True,
1mhp_0246,1MHP,1mhp_0246,1,antibody,8,experimental,H:H56Y@antibody,antibody-antigen,H:H56Y,H:H56Y@antibody,A_HL,Integrin-I,Neutralizing hu-FAB,HL,A,true,true,True,True,
1mhp_0253,1MHP,1mhp_0253,1,antibody,1.58,experimental,H:S35A@antibody,antibody-antigen,H:S35A,H:S35A@antibody,A_HL,Integrin-I,Neutralizing hu-FAB,HL,A,true,true,True,True,
1mhp_0254,1MHP,1mhp_0254,1,antibody,2.73,experimental,H:S35Q@antibody,antibody-antigen,H:S35Q,H:S35Q@antibody,A_HL,Integrin-I,Neutralizing hu-FAB,HL,A,true,true,True,True,
1mhp_0255,1MHP,1mhp_0255,1,antibody,8,experimental,H:S35V@antibody,antibody-antigen,H:S35V,H:S35V@antibody,A_HL,Integrin-I,Neutralizing hu-FAB,HL,A,true,true,True,True,
1mhp_0256,1MHP,1mhp_0256,1,antibody,2.08,experimental,H:S52M@antibody,antibody-antigen,H:S52M,H:S52M@antibody,A_HL,Integrin-I,Neutralizing hu-FAB,HL,A,true,true,True,True,
1mhp_0257,1MHP,1mhp_0257,1,antibody,8,experimental,H:S52T@antibody,antibody-antigen,H:S52T,H:S52T@antibody,A_HL,Integrin-I,Neutralizing hu-FAB,HL,A,true,true,True,True,
1mhp_0258,1MHP,1mhp_0258,1,antibody,2.73,experimental,H:T33N@antibody,antibody-antigen,H:T33N,H:T33N@antibody,A_HL,Integrin-I,Neutralizing hu-FAB,HL,A,true,true,True,True,
1mhp_0259,1MHP,1mhp_0259,1,antibody,8,experimental,H:T33Q@antibody,antibody-antigen,H:T33Q,H:T33Q@antibody,A_HL,Integrin-I,Neutralizing hu-FAB,HL,A,true,true,True,True,
1mhp_0260,1MHP,1mhp_0260,1,antibody,0.43,experimental,H:T33V@antibody,antibody-antigen,H:T33V,H:T33V@antibody,A_HL,Integrin-I,Neutralizing hu-FAB,HL,A,true,true,True,True,
1mhp_0262,1MHP,1mhp_0262,1,antibody,8,experimental,H:T50Q@antibody,antibody-antigen,H:T50Q,H:T50Q@antibody,A_HL,Integrin-I,Neutralizing hu-FAB,HL,A,true,true,True,True,
1mhp_0263,1MHP,1mhp_0263,1,antibody,-0.26,experimental,H:T50V@antibody,antibody-antigen,H:T50V,H:T50V@antibody,A_HL,Integrin-I,Neutralizing hu-FAB,HL,A,true,true,True,True,
1mhp_0265,1MHP,1mhp_0265,1,antibody,2.08,experimental,H:Y58Q@antibody,antibody-antigen,H:Y58Q,H:Y58Q@antibody,A_HL,Integrin-I,Neutralizing hu-FAB,HL,A,true,true,True,True,
1mhp_0266,1MHP,1mhp_0266,1,antibody,0.82,experimental,H:Y58W@antibody,antibody-antigen,H:Y58W,H:Y58W@antibody,A_HL,Integrin-I,Neutralizing hu-FAB,HL,A,true,true,True,True,
1mhp_0268,1MHP,1mhp_0268,1,antibody,1.58,experimental,L:G92Q@antibody,antibody-antigen,L:G92Q,L:G92Q@antibody,A_HL,Integrin-I,Neutralizing hu-FAB,HL,A,true,true,True,True,
1mhp_0269,1MHP,1mhp_0269,1,antibody,0.51,experimental,L:G92S@antibody,antibody-antigen,L:G92S,L:G92S@antibody,A_HL,Integrin-I,Neutralizing hu-FAB,HL,A,true,true,True,True,
1mhp_0272,1MHP,1mhp_0272,1,antibody,1.26,experimental,L:H31W@antibody,antibody-antigen,L:H31W,L:H31W@antibody,A_HL,Integrin-I,Neutralizing hu-FAB,HL,A,true,true,True,True,
1mhp_0273,1MHP,1mhp_0273,1,antibody,0.71,experimental,L:L49F@antibody,antibody-antigen,L:L49F,L:L49F@antibody,A_HL,Integrin-I,Neutralizing hu-FAB,HL,A,true,true,True,True,
1mhp_0275,1MHP,1mhp_0275,1,antibody,1.91,experimental,L:L49W@antibody,antibody-antigen,L:L49W,L:L49W@antibody,A_HL,Integrin-I,Neutralizing hu-FAB,HL,A,true,true,True,True,
1mhp_0276,1MHP,1mhp_0276,1,antibody,8,experimental,L:L49Y@antibody,antibody-antigen,L:L49Y,L:L49Y@antibody,A_HL,Integrin-I,Neutralizing hu-FAB,HL,A,true,true,True,True,
1mhp_0278,1MHP,1mhp_0278,1,antibody,1.05,experimental,L:N30V@antibody,antibody-antigen,L:N30V,L:N30V@antibody,A_HL,Integrin-I,Neutralizing hu-FAB,HL,A,true,true,True,True,
1mhp_0279,1MHP,1mhp_0279,1,antibody,1.58,experimental,L:N30W@antibody,antibody-antigen,L:N30W,L:N30W@antibody,A_HL,Integrin-I,Neutralizing hu-FAB,HL,A,true,true,True,True,
1mhp_0280,1MHP,1mhp_0280,1,antibody,1.91,experimental,L:N30Y@antibody,antibody-antigen,L:N30Y,L:N30Y@antibody,A_HL,Integrin-I,Neutralizing hu-FAB,HL,A,true,true,True,True,
1mhp_0285,1MHP,1mhp_0285,1,antibody,-0.1,experimental,L:N52Y@antibody,antibody-antigen,L:N52Y,L:N52Y@antibody,A_HL,Integrin-I,Neutralizing hu-FAB,HL,A,true,true,True,True,
1mhp_0288,1MHP,1mhp_0288,1,antibody,-0.67,experimental,L:S28Q@antibody,antibody-antigen,L:S28Q,L:S28Q@antibody,A_HL,Integrin-I,Neutralizing hu-FAB,HL,A,true,true,True,True,
1mhp_0290,1MHP,1mhp_0290,1,antibody,1.78,experimental,L:S91Q@antibody,antibody-antigen,L:S91Q,L:S91Q@antibody,A_HL,Integrin-I,Neutralizing hu-FAB,HL,A,true,true,True,True,
1mhp_0292,1MHP,1mhp_0292,1,antibody,2.32,experimental,L:S91T@antibody,antibody-antigen,L:S91T,L:S91T@antibody,A_HL,Integrin-I,Neutralizing hu-FAB,HL,A,true,true,True,True,
1mhp_0293,1MHP,1mhp_0293,1,antibody,8,experimental,L:S91W@antibody,antibody-antigen,L:S91W,L:S91W@antibody,A_HL,Integrin-I,Neutralizing hu-FAB,HL,A,true,true,True,True,
1mhp_0294,1MHP,1mhp_0294,1,antibody,2.08,experimental,L:W90Q@antibody,antibody-antigen,L:W90Q,L:W90Q@antibody,A_HL,Integrin-I,Neutralizing hu-FAB,HL,A,true,true,True,True,
1mlc_0310,1MLC,1mlc_0310,2,antibody,-0.69,experimental,L:N32G@antibody__L:N92A@antibody,antibody-antigen,"L:N32G,L:N92A",L:N32G@antibody;L:N92A@antibody,E_HL,D44.1 Fab,Lysozyme,HL,E,true,true,False,True,
1mlc_0312,1MLC,1mlc_0312,1,antibody,-0.38,experimental,H:S57A@antibody,antibody-antigen,H:S57A,H:S57A@antibody,E_HL,D44.1 Fab,Lysozyme,HL,E,true,true,True,True,
1mlc_0313,1MLC,1mlc_0313,1,antibody,-0.49,experimental,H:S57V@antibody,antibody-antigen,H:S57V,H:S57V@antibody,E_HL,D44.1 Fab,Lysozyme,HL,E,true,true,True,True,
1mlc_0315,1MLC,1mlc_0315,1,antibody,0.45,experimental,H:T31A@antibody,antibody-antigen,H:T31A,H:T31A@antibody,E_HL,D44.1 Fab,Lysozyme,HL,E,true,true,True,True,
1mlc_0316,1MLC,1mlc_0316,1,antibody,0.53,experimental,H:T31V@antibody,antibody-antigen,H:T31V,H:T31V@antibody,E_HL,D44.1 Fab,Lysozyme,HL,E,true,true,True,True,
1mlc_0317,1MLC,1mlc_0317,1,antibody,0.13,experimental,H:T31W@antibody,antibody-antigen,H:T31W,H:T31W@antibody,E_HL,D44.1 Fab,Lysozyme,HL,E,true,true,True,True,
1mlc_0319,1MLC,1mlc_0319,1,antibody,-0.85,experimental,L:N32G@antibody,antibody-antigen,L:N32G,L:N32G@antibody,E_HL,D44.1 Fab,Lysozyme,HL,E,true,true,True,True,
1mlc_0320,1MLC,1mlc_0320,1,antibody,0,experimental,L:N32Y@antibody,antibody-antigen,L:N32Y,L:N32Y@antibody,E_HL,D44.1 Fab,Lysozyme,HL,E,true,true,True,True,
1mlc_0321,1MLC,1mlc_0321,1,antibody,-1.25,experimental,L:N92A@antibody,antibody-antigen,L:N92A,L:N92A@antibody,E_HL,D44.1 Fab,Lysozyme,HL,E,true,true,True,True,
1n8z_0322,1N8Z,1n8z_0322,2,antibody,8,experimental,H:W95A@antibody__H:Y100AA@antibody,antibody-antigen,"H:W95A,H:Y100aA",H:W95A@antibody;H:Y100AA@antibody,C_HL,hu-HER2,Herceptin (fab),HL,C,true,true,False,True,
1n8z_0323,1N8Z,1n8z_0323,2,antibody,8,experimental,H:Y100AA@antibody__L:H91A@antibody,antibody-antigen,"L:H91A,H:Y100aA",L:H91A@antibody;H:Y100AA@antibody,C_HL,hu-HER2,Herceptin (fab),HL,C,true,true,False,True,
1n8z_0329,1N8Z,1n8z_0329,1,antibody,1.17,experimental,H:F100A@antibody,antibody-antigen,H:F100A,H:F100A@antibody,C_HL,hu-HER2,Herceptin (fab),HL,C,true,true,True,True,
1n8z_0331,1N8Z,1n8z_0331,1,antibody,-0.15,experimental,H:N54A@antibody,antibody-antigen,H:N54A,H:N54A@antibody,C_HL,hu-HER2,Herceptin (fab),HL,C,true,true,True,True,
1n8z_0333,1N8Z,1n8z_0333,1,antibody,0.38,experimental,H:T32A@antibody,antibody-antigen,H:T32A,H:T32A@antibody,C_HL,hu-HER2,Herceptin (fab),HL,C,true,true,True,True,
1n8z_0334,1N8Z,1n8z_0334,1,antibody,0.78,experimental,H:T53A@antibody,antibody-antigen,H:T53A,H:T53A@antibody,C_HL,hu-HER2,Herceptin (fab),HL,C,true,true,True,True,
1n8z_0335,1N8Z,1n8z_0335,1,antibody,8,experimental,H:W95A@antibody,antibody-antigen,H:W95A,H:W95A@antibody,C_HL,hu-HER2,Herceptin (fab),HL,C,true,true,True,True,
1n8z_0336,1N8Z,1n8z_0336,1,antibody,8,experimental,H:Y100AA@antibody,antibody-antigen,H:Y100aA,H:Y100AA@antibody,C_HL,hu-HER2,Herceptin (fab),HL,C,true,true,True,True,
1n8z_0337,1N8Z,1n8z_0337,1,antibody,-0.05,experimental,H:Y100AF@antibody,antibody-antigen,H:Y100aF,H:Y100AF@antibody,C_HL,hu-HER2,Herceptin (fab),HL,C,true,true,True,True,
1n8z_0338,1N8Z,1n8z_0338,1,antibody,0.82,experimental,H:Y100AF@antibody,antibody-antigen,H:Y100aF,H:Y100AF@antibody,C_HL,hu-HER2,Herceptin (fab),HL,C,true,true,True,True,
1n8z_0339,1N8Z,1n8z_0339,1,antibody,0.22,experimental,H:Y102V@antibody,antibody-antigen,H:Y102V,H:Y102V@antibody,C_HL,hu-HER2,Herceptin (fab),HL,C,true,true,True,True,
1n8z_0340,1N8Z,1n8z_0340,1,antibody,-0.09,experimental,H:Y33A@antibody,antibody-antigen,H:Y33A,H:Y33A@antibody,C_HL,hu-HER2,Herceptin (fab),HL,C,true,true,True,True,
1n8z_0341,1N8Z,1n8z_0341,1,antibody,0.23,experimental,H:Y52A@antibody,antibody-antigen,H:Y52A,H:Y52A@antibody,C_HL,hu-HER2,Herceptin (fab),HL,C,true,true,True,True,
1n8z_0342,1N8Z,1n8z_0342,1,antibody,0.87,experimental,H:Y56A@antibody,antibody-antigen,H:Y56A,H:Y56A@antibody,C_HL,hu-HER2,Herceptin (fab),HL,C,true,true,True,True,
1n8z_0344,1N8Z,1n8z_0344,1,antibody,1.21,experimental,L:F53N@antibody,antibody-antigen,L:F53N,L:F53N@antibody,C_HL,hu-HER2,Herceptin (fab),HL,C,true,true,True,True,
1n8z_0345,1N8Z,1n8z_0345,1,antibody,8,experimental,L:H91A@antibody,antibody-antigen,L:H91A,L:H91A@antibody,C_HL,hu-HER2,Herceptin (fab),HL,C,true,true,True,True,
1n8z_0346,1N8Z,1n8z_0346,1,antibody,-0.43,experimental,L:H91F@antibody,antibody-antigen,L:H91F,L:H91F@antibody,C_HL,hu-HER2,Herceptin (fab),HL,C,true,true,True,True,
1n8z_0347,1N8Z,1n8z_0347,1,antibody,0.03,experimental,L:H91F@antibody,antibody-antigen,L:H91F,L:H91F@antibody,C_HL,hu-HER2,Herceptin (fab),HL,C,true,true,True,True,
1n8z_0348,1N8Z,1n8z_0348,1,antibody,1.12,experimental,L:N30A@antibody,antibody-antigen,L:N30A,L:N30A@antibody,C_HL,hu-HER2,Herceptin (fab),HL,C,true,true,True,True,
1n8z_0349,1N8Z,1n8z_0349,1,antibody,0.06,experimental,L:N30S@antibody,antibody-antigen,L:N30S,L:N30S@antibody,C_HL,hu-HER2,Herceptin (fab),HL,C,true,true,True,True,
1n8z_0351,1N8Z,1n8z_0351,1,antibody,-0.07,experimental,L:S50A@antibody,antibody-antigen,L:S50A,L:S50A@antibody,C_HL,hu-HER2,Herceptin (fab),HL,C,true,true,True,True,
1n8z_0352,1N8Z,1n8z_0352,1,antibody,-0.31,experimental,L:S52A@antibody,antibody-antigen,L:S52A,L:S52A@antibody,C_HL,hu-HER2,Herceptin (fab),HL,C,true,true,True,True,
1n8z_0353,1N8Z,1n8z_0353,1,antibody,0.8,experimental,L:T31A@antibody,antibody-antigen,L:T31A,L:T31A@antibody,C_HL,hu-HER2,Herceptin (fab),HL,C,true,true,True,True,
1n8z_0354,1N8Z,1n8z_0354,1,antibody,0.82,experimental,L:T93A@antibody,antibody-antigen,L:T93A,L:T93A@antibody,C_HL,hu-HER2,Herceptin (fab),HL,C,true,true,True,True,
1n8z_0355,1N8Z,1n8z_0355,1,antibody,-0.12,experimental,L:T94A@antibody,antibody-antigen,L:T94A,L:T94A@antibody,C_HL,hu-HER2,Herceptin (fab),HL,C,true,true,True,True,
1n8z_0356,1N8Z,1n8z_0356,1,antibody,0.31,experimental,L:T94S@antibody,antibody-antigen,L:T94S,L:T94S@antibody,C_HL,hu-HER2,Herceptin (fab),HL,C,true,true,True,True,
1n8z_0357,1N8Z,1n8z_0357,1,antibody,1.05,experimental,L:Y49A@antibody,antibody-antigen,L:Y49A,L:Y49A@antibody,C_HL,hu-HER2,Herceptin (fab),HL,C,true,true,True,True,
1n8z_0358,1N8Z,1n8z_0358,1,antibody,1.36,experimental,L:Y92A@antibody,antibody-antigen,L:Y92A,L:Y92A@antibody,C_HL,hu-HER2,Herceptin (fab),HL,C,true,true,True,True,
1n8z_0359,1N8Z,1n8z_0359,1,antibody,-0.21,experimental,L:Y92F@antibody,antibody-antigen,L:Y92F,L:Y92F@antibody,C_HL,hu-HER2,Herceptin (fab),HL,C,true,true,True,True,
1vfb_0622,1VFB,1vfb_0622,1,antigen,1.2,experimental,C:I124A@antigen,antibody-antigen,C:I124A,C:I124A@antigen,C_HL,IGG1-Kappa D1.3 FV,Lysozyme,HL,C,true,true,True,True,
1vfb_0624,1VFB,1vfb_0624,1,antigen,0.2,experimental,C:L129A@antigen,antibody-antigen,C:L129A,C:L129A@antigen,C_HL,IGG1-Kappa D1.3 FV,Lysozyme,HL,C,true,true,True,True,
1vfb_0625,1VFB,1vfb_0625,1,antigen,0.3,experimental,C:N19A@antigen,antibody-antigen,C:N19A,C:N19A@antigen,C_HL,IGG1-Kappa D1.3 FV,Lysozyme,HL,C,true,true,True,True,
1vfb_0626,1VFB,1vfb_0626,1,antigen,2.9,experimental,C:Q121A@antigen,antibody-antigen,C:Q121A,C:Q121A@antigen,C_HL,IGG1-Kappa D1.3 FV,Lysozyme,HL,C,true,true,True,True,
1vfb_0628,1VFB,1vfb_0628,1,antigen,0.8,experimental,C:S24A@antigen,antibody-antigen,C:S24A,C:S24A@antigen,C_HL,IGG1-Kappa D1.3 FV,Lysozyme,HL,C,true,true,True,True,
1vfb_0629,1VFB,1vfb_0629,1,antigen,0.8,experimental,C:T118A@antigen,antibody-antigen,C:T118A,C:T118A@antigen,C_HL,IGG1-Kappa D1.3 FV,Lysozyme,HL,C,true,true,True,True,
1vfb_0630,1VFB,1vfb_0630,1,antigen,0.9,experimental,C:V120A@antigen,antibody-antigen,C:V120A,C:V120A@antigen,C_HL,IGG1-Kappa D1.3 FV,Lysozyme,HL,C,true,true,True,True,
1vfb_0631,1VFB,1vfb_0631,1,antigen,0.4,experimental,C:Y23A@antigen,antibody-antigen,C:Y23A,C:Y23A@antigen,C_HL,IGG1-Kappa D1.3 FV,Lysozyme,HL,C,true,true,True,True,
1vfb_0634,1VFB,1vfb_0634,1,antibody,0.08,experimental,H:D58E@antibody,antibody-antigen,H:D58E,H:D58E@antibody,C_HL,IGG1-Kappa D1.3 FV,Lysozyme,HL,C,true,true,True,True,
1vfb_0636,1VFB,1vfb_0636,1,antibody,0.3,experimental,H:G31A@antibody,antibody-antigen,H:G31A,H:G31A@antibody,C_HL,IGG1-Kappa D1.3 FV,Lysozyme,HL,C,true,true,True,True,
1vfb_0638,1VFB,1vfb_0638,1,antibody,0.01,experimental,H:G31W@antibody,antibody-antigen,H:G31W,H:G31W@antibody,C_HL,IGG1-Kappa D1.3 FV,Lysozyme,HL,C,true,true,True,True,
1vfb_0643,1VFB,1vfb_0643,1,antibody,0.15,experimental,H:S28N@antibody,antibody-antigen,H:S28N,H:S28N@antibody,C_HL,IGG1-Kappa D1.3 FV,Lysozyme,HL,C,true,true,True,True,
1vfb_0644,1VFB,1vfb_0644,1,antibody,0.08,experimental,H:S28Q@antibody,antibody-antigen,H:S28Q,H:S28Q@antibody,C_HL,IGG1-Kappa D1.3 FV,Lysozyme,HL,C,true,true,True,True,
1vfb_0645,1VFB,1vfb_0645,1,antibody,0.9,experimental,H:W52A@antibody,antibody-antigen,H:W52A,H:W52A@antibody,C_HL,IGG1-Kappa D1.3 FV,Lysozyme,HL,C,true,true,True,True,
1vfb_0646,1VFB,1vfb_0646,1,antibody,4,experimental,H:Y101A@antibody,antibody-antigen,H:Y101A,H:Y101A@antibody,C_HL,IGG1-Kappa D1.3 FV,Lysozyme,HL,C,true,true,True,True,
1vfb_0647,1VFB,1vfb_0647,1,antibody,1.6,experimental,H:Y101F@antibody,antibody-antigen,H:Y101F,H:Y101F@antibody,C_HL,IGG1-Kappa D1.3 FV,Lysozyme,HL,C,true,true,True,True,
1vfb_0648,1VFB,1vfb_0648,1,antibody,1.1,experimental,H:Y32A@antibody,antibody-antigen,H:Y32A,H:Y32A@antibody,C_HL,IGG1-Kappa D1.3 FV,Lysozyme,HL,C,true,true,True,True,
1vfb_0652,1VFB,1vfb_0652,1,antibody,0.17,experimental,L:N31W@antibody,antibody-antigen,L:N31W,L:N31W@antibody,C_HL,IGG1-Kappa D1.3 FV,Lysozyme,HL,C,true,true,True,True,
1vfb_0653,1VFB,1vfb_0653,1,antibody,0.47,experimental,L:T52F@antibody,antibody-antigen,L:T52F,L:T52F@antibody,C_HL,IGG1-Kappa D1.3 FV,Lysozyme,HL,C,true,true,True,True,
1vfb_0655,1VFB,1vfb_0655,1,antibody,3.3,experimental,L:W92A@antibody,antibody-antigen,L:W92A,L:W92A@antibody,C_HL,IGG1-Kappa D1.3 FV,Lysozyme,HL,C,true,true,True,True,
1vfb_0656,1VFB,1vfb_0656,1,antibody,1.7,experimental,L:Y32A@antibody,antibody-antigen,L:Y32A,L:Y32A@antibody,C_HL,IGG1-Kappa D1.3 FV,Lysozyme,HL,C,true,true,True,True,
1vfb_0657,1VFB,1vfb_0657,1,antibody,8,experimental,L:Y32W@antibody,antibody-antigen,L:Y32W,L:Y32W@antibody,C_HL,IGG1-Kappa D1.3 FV,Lysozyme,HL,C,true,true,True,True,
1vfb_0658,1VFB,1vfb_0658,1,antibody,0.5,experimental,L:Y50A@antibody,antibody-antigen,L:Y50A,L:Y50A@antibody,C_HL,IGG1-Kappa D1.3 FV,Lysozyme,HL,C,true,true,True,True,
1yy9_0664,1YY9,1yy9_0664,1,antibody,-0.06,experimental,H:N56A@antibody,antibody-antigen,H:N56A,H:N56A@antibody,A_HL,EGFR,Cetuximab,HL,A,true,true,True,True,
1yy9_0666,1YY9,1yy9_0666,1,antibody,-0.74,experimental,L:N93A@antibody,antibody-antigen,L:N93A,L:N93A@antibody,A_HL,EGFR,Cetuximab,HL,A,true,true,True,True,
2jel_0669,2JEL,2jel_0669,1,antigen,0,experimental,P:A82S@antigen,antibody-antigen,P:A82S,P:A82S@antigen,HL_P,Jel42 antibody,HPr,HL,P,true,true,True,True,
2jel_0670,2JEL,2jel_0670,1,antigen,0.96,experimental,P:D69E@antigen,antibody-antigen,P:D69E,P:D69E@antigen,HL_P,Jel42 antibody,HPr,HL,P,true,true,True,True,
2jel_0671,2JEL,2jel_0671,1,antigen,0.41,experimental,P:E5D@antigen,antibody-antigen,P:E5D,P:E5D@antigen,HL_P,Jel42 antibody,HPr,HL,P,true,true,True,True,
2jel_0680,2JEL,2jel_0680,1,antigen,0,experimental,P:E85D@antigen,antibody-antigen,P:E85D,P:E85D@antigen,HL_P,Jel42 antibody,HPr,HL,P,true,true,True,True,
2jel_0683,2JEL,2jel_0683,1,antigen,2.64,experimental,P:F2W@antigen,antibody-antigen,P:F2W,P:F2W@antigen,HL_P,Jel42 antibody,HPr,HL,P,true,true,True,True,
2jel_0684,2JEL,2jel_0684,1,antigen,0,experimental,P:F2Y@antigen,antibody-antigen,P:F2Y,P:F2Y@antigen,HL_P,Jel42 antibody,HPr,HL,P,true,true,True,True,
2jel_0685,2JEL,2jel_0685,1,antigen,-0.41,experimental,P:H76A@antigen,antibody-antigen,P:H76A,P:H76A@antigen,HL_P,Jel42 antibody,HPr,HL,P,true,true,True,True,
2jel_0690,2JEL,2jel_0690,1,antigen,0,experimental,P:K72R@antigen,antibody-antigen,P:K72R,P:K72R@antigen,HL_P,Jel42 antibody,HPr,HL,P,true,true,True,True,
2jel_0693,2JEL,2jel_0693,1,antigen,0,experimental,P:N38T@antigen,antibody-antigen,P:N38T,P:N38T@antigen,HL_P,Jel42 antibody,HPr,HL,P,true,true,True,True,
2jel_0700,2JEL,2jel_0700,1,antigen,0,experimental,P:R17K@antigen,antibody-antigen,P:R17K,P:R17K@antigen,HL_P,Jel42 antibody,HPr,HL,P,true,true,True,True,
2jel_0701,2JEL,2jel_0701,1,antigen,1.51,experimental,P:S41C@antigen,antibody-antigen,P:S41C,P:S41C@antigen,HL_P,Jel42 antibody,HPr,HL,P,true,true,True,True,
2jel_0702,2JEL,2jel_0702,1,antigen,0,experimental,P:S43C@antigen,antibody-antigen,P:S43C,P:S43C@antigen,HL_P,Jel42 antibody,HPr,HL,P,true,true,True,True,
2jel_0703,2JEL,2jel_0703,1,antigen,0,experimental,P:S46C@antigen,antibody-antigen,P:S46C,P:S46C@antigen,HL_P,Jel42 antibody,HPr,HL,P,true,true,True,True,
2jel_0704,2JEL,2jel_0704,1,antigen,4.13,experimental,P:S64T@antigen,antibody-antigen,P:S64T,P:S64T@antigen,HL_P,Jel42 antibody,HPr,HL,P,true,true,True,True,
2jel_0705,2JEL,2jel_0705,1,antigen,0,experimental,P:T34Q@antigen,antibody-antigen,P:T34Q,P:T34Q@antigen,HL_P,Jel42 antibody,HPr,HL,P,true,true,True,True,
2jel_0706,2JEL,2jel_0706,1,antigen,0.41,experimental,P:T36Q@antigen,antibody-antigen,P:T36Q,P:T36Q@antigen,HL_P,Jel42 antibody,HPr,HL,P,true,true,True,True,
2jel_0707,2JEL,2jel_0707,1,antigen,0,experimental,P:T62A@antigen,antibody-antigen,P:T62A,P:T62A@antigen,HL_P,Jel42 antibody,HPr,HL,P,true,true,True,True,
2jel_0708,2JEL,2jel_0708,1,antigen,0,experimental,P:T62N@antigen,antibody-antigen,P:T62N,P:T62N@antigen,HL_P,Jel42 antibody,HPr,HL,P,true,true,True,True,
2jel_0709,2JEL,2jel_0709,1,antigen,0.41,experimental,P:T7N@antigen,antibody-antigen,P:T7N,P:T7N@antigen,HL_P,Jel42 antibody,HPr,HL,P,true,true,True,True,
2jel_0710,2JEL,2jel_0710,1,antigen,0,experimental,P:T7S@antigen,antibody-antigen,P:T7S,P:T7S@antigen,HL_P,Jel42 antibody,HPr,HL,P,true,true,True,True,
2jel_0711,2JEL,2jel_0711,1,antigen,0,experimental,P:V6F@antigen,antibody-antigen,P:V6F,P:V6F@antigen,HL_P,Jel42 antibody,HPr,HL,P,true,true,True,True,
2ny7_0722,2NY7,2ny7_0722,2,antibody,-0.57,experimental,H:V33T@antibody__H:H35M@antibody,antibody-antigen,"H:V33T,H:H35M",H:V33T@antibody;H:H35M@antibody,G_HL,HIV-1 gp120,b12 Ab,HL,G,true,true,False,True,
2ny7_0723,2NY7,2ny7_0723,2,antibody,-1.25,experimental,H:V33T@antibody__H:I34V@antibody,antibody-antigen,"H:V33T,H:I34V",H:V33T@antibody;H:I34V@antibody,G_HL,HIV-1 gp120,b12 Ab,HL,G,true,true,False,True,
2ny7_0724,2NY7,2ny7_0724,2,antibody,-0.38,experimental,L:A93G@antibody__L:S95A@antibody,antibody-antigen,"L:A93G,L:S95A",L:A93G@antibody;L:S95A@antibody,G_HL,HIV-1 gp120,b12 Ab,HL,G,true,true,False,True,
2ny7_0725,2NY7,2ny7_0725,2,antibody,-1.47,experimental,L:A93W@antibody__L:S95Q@antibody,antibody-antigen,"L:A93W,L:S95Q",L:A93W@antibody;L:S95Q@antibody,G_HL,HIV-1 gp120,b12 Ab,HL,G,true,true,False,True,
2nyy_0746,2NYY,2nyy_0746,1,antigen,0.42,experimental,A:F917A@antigen,antibody-antigen,A:F917A,A:F917A@antigen,A_HL,Bont/A1,mAb CR1,HL,A,true,true,True,True,
2nyy_0747,2NYY,2nyy_0747,1,antigen,4.06,experimental,A:F953A@antigen,antibody-antigen,A:F953A,A:F953A@antigen,A_HL,Bont/A1,mAb CR1,HL,A,true,true,True,True,
2nyy_0748,2NYY,2nyy_0748,1,antigen,7.32,experimental,A:H1064A@antigen,antibody-antigen,A:H1064A,A:H1064A@antigen,A_HL,Bont/A1,mAb CR1,HL,A,true,true,True,True,
2nyy_0749,2NYY,2nyy_0749,1,antigen,-0.01,experimental,A:I956A@antigen,antibody-antigen,A:I956A,A:I956A@antigen,A_HL,Bont/A1,mAb CR1,HL,A,true,true,True,True,
2nyy_0753,2NYY,2nyy_0753,1,antigen,2.59,experimental,A:L919A@antigen,antibody-antigen,A:L919A,A:L919A@antigen,A_HL,Bont/A1,mAb CR1,HL,A,true,true,True,True,
2nyy_0754,2NYY,2nyy_0754,1,antigen,0.89,experimental,A:N918A@antigen,antibody-antigen,A:N918A,A:N918A@antigen,A_HL,Bont/A1,mAb CR1,HL,A,true,true,True,True,
2nyy_0755,2NYY,2nyy_0755,1,antigen,0.1,experimental,A:N954A@antigen,antibody-antigen,A:N954A,A:N954A@antigen,A_HL,Bont/A1,mAb CR1,HL,A,true,true,True,True,
2nyy_0756,2NYY,2nyy_0756,1,antigen,0.52,experimental,A:Q915A@antigen,antibody-antigen,A:Q915A,A:Q915A@antigen,A_HL,Bont/A1,mAb CR1,HL,A,true,true,True,True,
2nyy_0759,2NYY,2nyy_0759,1,antigen,-0.23,experimental,A:S902A@antigen,antibody-antigen,A:S902A,A:S902A@antigen,A_HL,Bont/A1,mAb CR1,HL,A,true,true,True,True,
2nyy_0760,2NYY,2nyy_0760,1,antigen,0,experimental,A:S955A@antigen,antibody-antigen,A:S955A,A:S955A@antigen,A_HL,Bont/A1,mAb CR1,HL,A,true,true,True,True,
2nyy_0761,2NYY,2nyy_0761,1,antigen,1.62,experimental,A:T1063A@antigen,antibody-antigen,A:T1063A,A:T1063A@antigen,A_HL,Bont/A1,mAb CR1,HL,A,true,true,True,True,
2nyy_0762,2NYY,2nyy_0762,1,antibody,0.07,experimental,H:K30R@antibody,antibody-antigen,H:K30R,H:K30R@antibody,A_HL,Bont/A1,mAb CR1,HL,A,true,true,True,True,
2nyy_0763,2NYY,2nyy_0763,1,antibody,-0.06,experimental,H:M34Q@antibody,antibody-antigen,H:M34Q,H:M34Q@antibody,A_HL,Bont/A1,mAb CR1,HL,A,true,true,True,True,
2nyy_0765,2NYY,2nyy_0765,1,antibody,0.13,experimental,H:Y31Q@antibody,antibody-antigen,H:Y31Q,H:Y31Q@antibody,A_HL,Bont/A1,mAb CR1,HL,A,true,true,True,True,
2nyy_0766,2NYY,2nyy_0766,1,antibody,0.52,experimental,H:Y57Q@antibody,antibody-antigen,H:Y57Q,H:Y57Q@antibody,A_HL,Bont/A1,mAb CR1,HL,A,true,true,True,True,
2nyy_0769,2NYY,2nyy_0769,1,antibody,0.42,experimental,L:S28Q@antibody,antibody-antigen,L:S28Q,L:S28Q@antibody,A_HL,Bont/A1,mAb CR1,HL,A,true,true,True,True,
2nyy_0770,2NYY,2nyy_0770,1,antibody,-0.36,experimental,L:S31N@antibody,antibody-antigen,L:S31N,L:S31N@antibody,A_HL,Bont/A1,mAb CR1,HL,A,true,true,True,True,
2nz9_0774,2NZ9,2nz9_0774,1,antigen,-0.05,experimental,A:F917A@antigen,antibody-antigen,A:F917A,A:F917A@antigen,A_HL,Bont/A1,mAb AR2,HL,A,true,true,True,True,
2nz9_0775,2NZ9,2nz9_0775,1,antigen,3.34,experimental,A:F953A@antigen,antibody-antigen,A:F953A,A:F953A@antigen,A_HL,Bont/A1,mAb AR2,HL,A,true,true,True,True,
2nz9_0776,2NZ9,2nz9_0776,1,antigen,7.42,experimental,A:H1064A@antigen,antibody-antigen,A:H1064A,A:H1064A@antigen,A_HL,Bont/A1,mAb AR2,HL,A,true,true,True,True,
2nz9_0777,2NZ9,2nz9_0777,1,antigen,0.07,experimental,A:I956A@antigen,antibody-antigen,A:I956A,A:I956A@antigen,A_HL,Bont/A1,mAb AR2,HL,A,true,true,True,True,
2nz9_0781,2NZ9,2nz9_0781,1,antigen,2.28,experimental,A:L919A@antigen,antibody-antigen,A:L919A,A:L919A@antigen,A_HL,Bont/A1,mAb AR2,HL,A,true,true,True,True,
2nz9_0782,2NZ9,2nz9_0782,1,antigen,2.16,experimental,A:N918A@antigen,antibody-antigen,A:N918A,A:N918A@antigen,A_HL,Bont/A1,mAb AR2,HL,A,true,true,True,True,
2nz9_0783,2NZ9,2nz9_0783,1,antigen,-0.15,experimental,A:N954A@antigen,antibody-antigen,A:N954A,A:N954A@antigen,A_HL,Bont/A1,mAb AR2,HL,A,true,true,True,True,
2nz9_0784,2NZ9,2nz9_0784,1,antigen,0.1,experimental,A:Q915A@antigen,antibody-antigen,A:Q915A,A:Q915A@antigen,A_HL,Bont/A1,mAb AR2,HL,A,true,true,True,True,
2nz9_0787,2NZ9,2nz9_0787,1,antigen,-0.12,experimental,A:S902A@antigen,antibody-antigen,A:S902A,A:S902A@antigen,A_HL,Bont/A1,mAb AR2,HL,A,true,true,True,True,
2nz9_0788,2NZ9,2nz9_0788,1,antigen,-0.08,experimental,A:S955A@antigen,antibody-antigen,A:S955A,A:S955A@antigen,A_HL,Bont/A1,mAb AR2,HL,A,true,true,True,True,
2nz9_0789,2NZ9,2nz9_0789,1,antigen,2.37,experimental,A:T1063A@antigen,antibody-antigen,A:T1063A,A:T1063A@antigen,A_HL,Bont/A1,mAb AR2,HL,A,true,true,True,True,
3bdy_0792,3BDY,3bdy_0792,1,antibody,0.7,experimental,H:F100A@antibody,antibody-antigen,H:F100A,H:F100A@antibody,HL_V,Dual specific bH1 Fab,VEGF,HL,V,true,true,True,True,
3bdy_0793,3BDY,3bdy_0793,1,antibody,0.2,experimental,H:G96A@antibody,antibody-antigen,H:G96A,H:G96A@antibody,HL_V,Dual specific bH1 Fab,VEGF,HL,V,true,true,True,True,
3bdy_0794,3BDY,3bdy_0794,1,antibody,-0.1,experimental,H:G97A@antibody,antibody-antigen,H:G97A,H:G97A@antibody,HL_V,Dual specific bH1 Fab,VEGF,HL,V,true,true,True,True,
3bdy_0795,3BDY,3bdy_0795,1,antibody,0.8,experimental,H:G99A@antibody,antibody-antigen,H:G99A,H:G99A@antibody,HL_V,Dual specific bH1 Fab,VEGF,HL,V,true,true,True,True,
3bdy_0797,3BDY,3bdy_0797,1,antibody,-0.2,experimental,H:N54A@antibody,antibody-antigen,H:N54A,H:N54A@antibody,HL_V,Dual specific bH1 Fab,VEGF,HL,V,true,true,True,True,
3bdy_0800,3BDY,3bdy_0800,1,antibody,-0.4,experimental,H:T32A@antibody,antibody-antigen,H:T32A,H:T32A@antibody,HL_V,Dual specific bH1 Fab,VEGF,HL,V,true,true,True,True,
3bdy_0801,3BDY,3bdy_0801,1,antibody,-0.5,experimental,H:T53A@antibody,antibody-antigen,H:T53A,H:T53A@antibody,HL_V,Dual specific bH1 Fab,VEGF,HL,V,true,true,True,True,
3bdy_0802,3BDY,3bdy_0802,1,antibody,2,experimental,H:W95A@antibody,antibody-antigen,H:W95A,H:W95A@antibody,HL_V,Dual specific bH1 Fab,VEGF,HL,V,true,true,True,True,
3bdy_0803,3BDY,3bdy_0803,1,antibody,0.5,experimental,H:Y100AA@antibody,antibody-antigen,H:Y100aA,H:Y100AA@antibody,HL_V,Dual specific bH1 Fab,VEGF,HL,V,true,true,True,True,
3bdy_0804,3BDY,3bdy_0804,1,antibody,0.3,experimental,H:Y33A@antibody,antibody-antigen,H:Y33A,H:Y33A@antibody,HL_V,Dual specific bH1 Fab,VEGF,HL,V,true,true,True,True,
3bdy_0805,3BDY,3bdy_0805,1,antibody,0.4,experimental,H:Y52A@antibody,antibody-antigen,H:Y52A,H:Y52A@antibody,HL_V,Dual specific bH1 Fab,VEGF,HL,V,true,true,True,True,
3bdy_0806,3BDY,3bdy_0806,1,antibody,0.2,experimental,H:Y56A@antibody,antibody-antigen,H:Y56A,H:Y56A@antibody,HL_V,Dual specific bH1 Fab,VEGF,HL,V,true,true,True,True,
3bdy_0808,3BDY,3bdy_0808,1,antibody,1.2,experimental,L:G31A@antibody,antibody-antigen,L:G31A,L:G31A@antibody,HL_V,Dual specific bH1 Fab,VEGF,HL,V,true,true,True,True,
3bdy_0809,3BDY,3bdy_0809,1,antibody,1,experimental,L:G51A@antibody,antibody-antigen,L:G51A,L:G51A@antibody,HL_V,Dual specific bH1 Fab,VEGF,HL,V,true,true,True,True,
3bdy_0810,3BDY,3bdy_0810,1,antibody,2,experimental,L:H91A@antibody,antibody-antigen,L:H91A,L:H91A@antibody,HL_V,Dual specific bH1 Fab,VEGF,HL,V,true,true,True,True,
3bdy_0811,3BDY,3bdy_0811,1,antibody,1.1,experimental,L:I27BA@antibody,antibody-antigen,L:I27bA,L:I27BA@antibody,HL_V,Dual specific bH1 Fab,VEGF,HL,V,true,true,True,True,
3bdy_0812,3BDY,3bdy_0812,1,antibody,0.8,experimental,L:I29A@antibody,antibody-antigen,L:I29A,L:I29A@antibody,HL_V,Dual specific bH1 Fab,VEGF,HL,V,true,true,True,True,
3bdy_0813,3BDY,3bdy_0813,1,antibody,0.2,experimental,L:P27CA@antibody,antibody-antigen,L:P27cA,L:P27CA@antibody,HL_V,Dual specific bH1 Fab,VEGF,HL,V,true,true,True,True,
3bdy_0815,3BDY,3bdy_0815,1,antibody,1,experimental,L:S28A@antibody,antibody-antigen,L:S28A,L:S28A@antibody,HL_V,Dual specific bH1 Fab,VEGF,HL,V,true,true,True,True,
3bdy_0816,3BDY,3bdy_0816,1,antibody,1.3,experimental,L:S30A@antibody,antibody-antigen,L:S30A,L:S30A@antibody,HL_V,Dual specific bH1 Fab,VEGF,HL,V,true,true,True,True,
3bdy_0817,3BDY,3bdy_0817,1,antibody,0.1,experimental,L:S52A@antibody,antibody-antigen,L:S52A,L:S52A@antibody,HL_V,Dual specific bH1 Fab,VEGF,HL,V,true,true,True,True,
3bdy_0818,3BDY,3bdy_0818,1,antibody,-0.3,experimental,L:T93A@antibody,antibody-antigen,L:T93A,L:T93A@antibody,HL_V,Dual specific bH1 Fab,VEGF,HL,V,true,true,True,True,
3bdy_0819,3BDY,3bdy_0819,1,antibody,0,experimental,L:T94A@antibody,antibody-antigen,L:T94A,L:T94A@antibody,HL_V,Dual specific bH1 Fab,VEGF,HL,V,true,true,True,True,
3bdy_0820,3BDY,3bdy_0820,1,antibody,1.3,experimental,L:W50A@antibody,antibody-antigen,L:W50A,L:W50A@antibody,HL_V,Dual specific bH1 Fab,VEGF,HL,V,true,true,True,True,
3bdy_0821,3BDY,3bdy_0821,1,antibody,1.7,experimental,L:Y32A@antibody,antibody-antigen,L:Y32A,L:Y32A@antibody,HL_V,Dual specific bH1 Fab,VEGF,HL,V,true,true,True,True,
3bdy_0822,3BDY,3bdy_0822,1,antibody,0.7,experimental,L:Y53A@antibody,antibody-antigen,L:Y53A,L:Y53A@antibody,HL_V,Dual specific bH1 Fab,VEGF,HL,V,true,true,True,True,
3bdy_0823,3BDY,3bdy_0823,1,antibody,1.4,experimental,L:Y92A@antibody,antibody-antigen,L:Y92A,L:Y92A@antibody,HL_V,Dual specific bH1 Fab,VEGF,HL,V,true,true,True,True,
3be1_0826,3BE1,3be1_0826,1,antibody,1.9,experimental,H:F100A@antibody,antibody-antigen,H:F100A,H:F100A@antibody,A_HL,Dual specific bH1 Fab,HER2/ErbB-2,HL,A,true,true,True,True,
3be1_0827,3BE1,3be1_0827,1,antibody,0.1,experimental,H:G96A@antibody,antibody-antigen,H:G96A,H:G96A@antibody,A_HL,Dual specific bH1 Fab,HER2/ErbB-2,HL,A,true,true,True,True,
3be1_0828,3BE1,3be1_0828,1,antibody,0.3,experimental,H:G97A@antibody,antibody-antigen,H:G97A,H:G97A@antibody,A_HL,Dual specific bH1 Fab,HER2/ErbB-2,HL,A,true,true,True,True,
3be1_0829,3BE1,3be1_0829,1,antibody,1.8,experimental,H:G99A@antibody,antibody-antigen,H:G99A,H:G99A@antibody,A_HL,Dual specific bH1 Fab,HER2/ErbB-2,HL,A,true,true,True,True,
3be1_0831,3BE1,3be1_0831,1,antibody,-0.8,experimental,H:N54A@antibody,antibody-antigen,H:N54A,H:N54A@antibody,A_HL,Dual specific bH1 Fab,HER2/ErbB-2,HL,A,true,true,True,True,
3be1_0834,3BE1,3be1_0834,1,antibody,-0.4,experimental,H:T32A@antibody,antibody-antigen,H:T32A,H:T32A@antibody,A_HL,Dual specific bH1 Fab,HER2/ErbB-2,HL,A,true,true,True,True,
3be1_0835,3BE1,3be1_0835,1,antibody,0.1,experimental,H:T53A@antibody,antibody-antigen,H:T53A,H:T53A@antibody,A_HL,Dual specific bH1 Fab,HER2/ErbB-2,HL,A,true,true,True,True,
3be1_0836,3BE1,3be1_0836,1,antibody,1.8,experimental,H:W95A@antibody,antibody-antigen,H:W95A,H:W95A@antibody,A_HL,Dual specific bH1 Fab,HER2/ErbB-2,HL,A,true,true,True,True,
3be1_0837,3BE1,3be1_0837,1,antibody,1.2,experimental,H:Y100AA@antibody,antibody-antigen,H:Y100aA,H:Y100AA@antibody,A_HL,Dual specific bH1 Fab,HER2/ErbB-2,HL,A,true,true,True,True,
3be1_0838,3BE1,3be1_0838,1,antibody,2.4,experimental,H:Y33A@antibody,antibody-antigen,H:Y33A,H:Y33A@antibody,A_HL,Dual specific bH1 Fab,HER2/ErbB-2,HL,A,true,true,True,True,
3be1_0839,3BE1,3be1_0839,1,antibody,-0.8,experimental,H:Y52A@antibody,antibody-antigen,H:Y52A,H:Y52A@antibody,A_HL,Dual specific bH1 Fab,HER2/ErbB-2,HL,A,true,true,True,True,
3be1_0840,3BE1,3be1_0840,1,antibody,1.8,experimental,H:Y56A@antibody,antibody-antigen,H:Y56A,H:Y56A@antibody,A_HL,Dual specific bH1 Fab,HER2/ErbB-2,HL,A,true,true,True,True,
3be1_0842,3BE1,3be1_0842,1,antibody,0.3,experimental,L:G31A@antibody,antibody-antigen,L:G31A,L:G31A@antibody,A_HL,Dual specific bH1 Fab,HER2/ErbB-2,HL,A,true,true,True,True,
3be1_0843,3BE1,3be1_0843,1,antibody,-0.3,experimental,L:G51A@antibody,antibody-antigen,L:G51A,L:G51A@antibody,A_HL,Dual specific bH1 Fab,HER2/ErbB-2,HL,A,true,true,True,True,
3be1_0844,3BE1,3be1_0844,1,antibody,0.9,experimental,L:H91A@antibody,antibody-antigen,L:H91A,L:H91A@antibody,A_HL,Dual specific bH1 Fab,HER2/ErbB-2,HL,A,true,true,True,True,
3be1_0845,3BE1,3be1_0845,1,antibody,-0.2,experimental,L:I27BA@antibody,antibody-antigen,L:I27bA,L:I27BA@antibody,A_HL,Dual specific bH1 Fab,HER2/ErbB-2,HL,A,true,true,True,True,
3be1_0846,3BE1,3be1_0846,1,antibody,0.9,experimental,L:I29A@antibody,antibody-antigen,L:I29A,L:I29A@antibody,A_HL,Dual specific bH1 Fab,HER2/ErbB-2,HL,A,true,true,True,True,
3be1_0847,3BE1,3be1_0847,1,antibody,0.1,experimental,L:P27CA@antibody,antibody-antigen,L:P27cA,L:P27CA@antibody,A_HL,Dual specific bH1 Fab,HER2/ErbB-2,HL,A,true,true,True,True,
3be1_0849,3BE1,3be1_0849,1,antibody,0.3,experimental,L:S28A@antibody,antibody-antigen,L:S28A,L:S28A@antibody,A_HL,Dual specific bH1 Fab,HER2/ErbB-2,HL,A,true,true,True,True,
3be1_0850,3BE1,3be1_0850,1,antibody,-0.2,experimental,L:S30A@antibody,antibody-antigen,L:S30A,L:S30A@antibody,A_HL,Dual specific bH1 Fab,HER2/ErbB-2,HL,A,true,true,True,True,
3be1_0851,3BE1,3be1_0851,1,antibody,0.3,experimental,L:S52A@antibody,antibody-antigen,L:S52A,L:S52A@antibody,A_HL,Dual specific bH1 Fab,HER2/ErbB-2,HL,A,true,true,True,True,
3be1_0852,3BE1,3be1_0852,1,antibody,-0.4,experimental,L:T93A@antibody,antibody-antigen,L:T93A,L:T93A@antibody,A_HL,Dual specific bH1 Fab,HER2/ErbB-2,HL,A,true,true,True,True,
3be1_0853,3BE1,3be1_0853,1,antibody,1.4,experimental,L:T94A@antibody,antibody-antigen,L:T94A,L:T94A@antibody,A_HL,Dual specific bH1 Fab,HER2/ErbB-2,HL,A,true,true,True,True,
3be1_0854,3BE1,3be1_0854,1,antibody,1.4,experimental,L:W50A@antibody,antibody-antigen,L:W50A,L:W50A@antibody,A_HL,Dual specific bH1 Fab,HER2/ErbB-2,HL,A,true,true,True,True,
3be1_0855,3BE1,3be1_0855,1,antibody,-0.8,experimental,L:Y32A@antibody,antibody-antigen,L:Y32A,L:Y32A@antibody,A_HL,Dual specific bH1 Fab,HER2/ErbB-2,HL,A,true,true,True,True,
3be1_0856,3BE1,3be1_0856,1,antibody,0.9,experimental,L:Y53A@antibody,antibody-antigen,L:Y53A,L:Y53A@antibody,A_HL,Dual specific bH1 Fab,HER2/ErbB-2,HL,A,true,true,True,True,
3be1_0857,3BE1,3be1_0857,1,antibody,0.5,experimental,L:Y92A@antibody,antibody-antigen,L:Y92A,L:Y92A@antibody,A_HL,Dual specific bH1 Fab,HER2/ErbB-2,HL,A,true,true,True,True,
3bn9_0863,3BN9,3bn9_0863,1,antigen,-0.05,experimental,A:F60EA@antigen,antibody-antigen,A:F60eA,A:F60EA@antigen,A_HL,MT-SP1,Fab Inhibitor E2,HL,A,true,true,True,True,
3bn9_0864,3BN9,3bn9_0864,1,antigen,0.64,experimental,A:F94A@antigen,antibody-antigen,A:F94A,A:F94A@antigen,A_HL,MT-SP1,Fab Inhibitor E2,HL,A,true,true,True,True,
3bn9_0865,3BN9,3bn9_0865,1,antigen,6.7,experimental,A:F97A@antigen,antibody-antigen,A:F97A,A:F97A@antigen,A_HL,MT-SP1,Fab Inhibitor E2,HL,A,true,true,True,True,
3bn9_0866,3BN9,3bn9_0866,1,antigen,0.09,experimental,A:H143A@antigen,antibody-antigen,A:H143A,A:H143A@antigen,A_HL,MT-SP1,Fab Inhibitor E2,HL,A,true,true,True,True,
3bn9_0867,3BN9,3bn9_0867,1,antigen,0,experimental,A:I41A@antigen,antibody-antigen,A:I41A,A:I41A@antigen,A_HL,MT-SP1,Fab Inhibitor E2,HL,A,true,true,True,True,
3bn9_0868,3BN9,3bn9_0868,1,antigen,0.84,experimental,A:I60A@antigen,antibody-antigen,A:I60A,A:I60A@antigen,A_HL,MT-SP1,Fab Inhibitor E2,HL,A,true,true,True,True,
3bn9_0870,3BN9,3bn9_0870,1,antigen,0.34,experimental,A:L153A@antigen,antibody-antigen,A:L153A,A:L153A@antigen,A_HL,MT-SP1,Fab Inhibitor E2,HL,A,true,true,True,True,
3bn9_0871,3BN9,3bn9_0871,1,antigen,0.77,experimental,A:N95A@antigen,antibody-antigen,A:N95A,A:N95A@antigen,A_HL,MT-SP1,Fab Inhibitor E2,HL,A,true,true,True,True,
3bn9_0872,3BN9,3bn9_0872,1,antigen,0.13,experimental,A:Q145A@antigen,antibody-antigen,A:Q145A,A:Q145A@antigen,A_HL,MT-SP1,Fab Inhibitor E2,HL,A,true,true,True,True,
3bn9_0873,3BN9,3bn9_0873,1,antigen,-0.03,experimental,A:Q174A@antigen,antibody-antigen,A:Q174A,A:Q174A@antigen,A_HL,MT-SP1,Fab Inhibitor E2,HL,A,true,true,True,True,
3bn9_0874,3BN9,3bn9_0874,1,antigen,2.51,experimental,A:Q175A@antigen,antibody-antigen,A:Q175A,A:Q175A@antigen,A_HL,MT-SP1,Fab Inhibitor E2,HL,A,true,true,True,True,
3bn9_0875,3BN9,3bn9_0875,1,antigen,0.71,experimental,A:Q221AA@antigen,antibody-antigen,A:Q221aA,A:Q221AA@antigen,A_HL,MT-SP1,Fab Inhibitor E2,HL,A,true,true,True,True,
3bn9_0876,3BN9,3bn9_0876,1,antigen,-0.42,experimental,A:Q38A@antigen,antibody-antigen,A:Q38A,A:Q38A@antigen,A_HL,MT-SP1,Fab Inhibitor E2,HL,A,true,true,True,True,
3bn9_0881,3BN9,3bn9_0881,1,antigen,0.29,experimental,A:T150A@antigen,antibody-antigen,A:T150A,A:T150A@antigen,A_HL,MT-SP1,Fab Inhibitor E2,HL,A,true,true,True,True,
3bn9_0882,3BN9,3bn9_0882,1,antigen,1.13,experimental,A:T98A@antigen,antibody-antigen,A:T98A,A:T98A@antigen,A_HL,MT-SP1,Fab Inhibitor E2,HL,A,true,true,True,True,
3bn9_0883,3BN9,3bn9_0883,1,antigen,1.09,experimental,A:Y146A@antigen,antibody-antigen,A:Y146A,A:Y146A@antigen,A_HL,MT-SP1,Fab Inhibitor E2,HL,A,true,true,True,True,
3bn9_0884,3BN9,3bn9_0884,1,antigen,0.02,experimental,A:Y60GA@antigen,antibody-antigen,A:Y60gA,A:Y60GA@antigen,A_HL,MT-SP1,Fab Inhibitor E2,HL,A,true,true,True,True,
3bn9_0885,3BN9,3bn9_0885,1,antibody,8,experimental,H:P100H@antibody,antibody-antigen,H:P100H,H:P100H@antibody,A_HL,MT-SP1,Fab Inhibitor E2,HL,A,true,true,True,True,
3bn9_0886,3BN9,3bn9_0886,1,antibody,1.36,experimental,H:Q100AV@antibody,antibody-antigen,H:Q100aV,H:Q100AV@antibody,A_HL,MT-SP1,Fab Inhibitor E2,HL,A,true,true,True,True,
3bn9_0887,3BN9,3bn9_0887,1,antibody,1.36,experimental,H:S30G@antibody,antibody-antigen,H:S30G,H:S30G@antibody,A_HL,MT-SP1,Fab Inhibitor E2,HL,A,true,true,True,True,
3bn9_0888,3BN9,3bn9_0888,1,antibody,1.36,experimental,H:S30N@antibody,antibody-antigen,H:S30N,H:S30N@antibody,A_HL,MT-SP1,Fab Inhibitor E2,HL,A,true,true,True,True,
3bn9_0890,3BN9,3bn9_0890,1,antibody,0,experimental,H:T98Q@antibody,antibody-antigen,H:T98Q,H:T98Q@antibody,A_HL,MT-SP1,Fab Inhibitor E2,HL,A,true,true,True,True,
3bn9_0892,3BN9,3bn9_0892,1,antibody,0.41,experimental,H:Y99S@antibody,antibody-antigen,H:Y99S,H:Y99S@antibody,A_HL,MT-SP1,Fab Inhibitor E2,HL,A,true,true,True,True,
3hfm_0919,3HFM,3hfm_0919,1,antibody,5.52,experimental,H:C95A@antibody,antibody-antigen,H:C95A,H:C95A@antibody,HL_Y,HyHEL-10,FV,HL,Y,true,true,True,True,
3hfm_0920,3HFM,3hfm_0920,1,antibody,3.25,experimental,H:C95F@antibody,antibody-antigen,H:C95F,H:C95F@antibody,HL_Y,HyHEL-10,FV,HL,Y,true,true,True,True,
3hfm_0923,3HFM,3hfm_0923,1,antibody,0.17,experimental,H:S31A@antibody,antibody-antigen,H:S31A,H:S31A@antibody,HL_Y,HyHEL-10,FV,HL,Y,true,true,True,True,
3hfm_0924,3HFM,3hfm_0924,1,antibody,6,experimental,H:Y33A@antibody,antibody-antigen,H:Y33A,H:Y33A@antibody,HL_Y,HyHEL-10,FV,HL,Y,true,true,True,True,
3hfm_0925,3HFM,3hfm_0925,1,antibody,8,experimental,H:Y50A@antibody,antibody-antigen,H:Y50A,H:Y50A@antibody,HL_Y,HyHEL-10,FV,HL,Y,true,true,True,True,
3hfm_0926,3HFM,3hfm_0926,1,antibody,5.22,experimental,L:N31A@antibody,antibody-antigen,L:N31A,L:N31A@antibody,HL_Y,HyHEL-10,FV,HL,Y,true,true,True,True,
3hfm_0929,3HFM,3hfm_0929,1,antibody,5.11,experimental,L:N32A@antibody,antibody-antigen,L:N32A,L:N32A@antibody,HL_Y,HyHEL-10,FV,HL,Y,true,true,True,True,
3hfm_0930,3HFM,3hfm_0930,1,antibody,0.95,experimental,L:Q53A@antibody,antibody-antigen,L:Q53A,L:Q53A@antibody,HL_Y,HyHEL-10,FV,HL,Y,true,true,True,True,
3hfm_0931,3HFM,3hfm_0931,1,antibody,4.57,experimental,L:Y50A@antibody,antibody-antigen,L:Y50A,L:Y50A@antibody,HL_Y,HyHEL-10,FV,HL,Y,true,true,True,True,
3hfm_0932,3HFM,3hfm_0932,1,antibody,2.36,experimental,L:Y50F@antibody,antibody-antigen,L:Y50F,L:Y50F@antibody,HL_Y,HyHEL-10,FV,HL,Y,true,true,True,True,
3hfm_0933,3HFM,3hfm_0933,1,antibody,4.4,experimental,L:Y50L@antibody,antibody-antigen,L:Y50L,L:Y50L@antibody,HL_Y,HyHEL-10,FV,HL,Y,true,true,True,True,
3hfm_0934,3HFM,3hfm_0934,1,antibody,2.71,experimental,L:Y96A@antibody,antibody-antigen,L:Y96A,L:Y96A@antibody,HL_Y,HyHEL-10,FV,HL,Y,true,true,True,True,
3hfm_0935,3HFM,3hfm_0935,1,antibody,1.4,experimental,L:Y96F@antibody,antibody-antigen,L:Y96F,L:Y96F@antibody,HL_Y,HyHEL-10,FV,HL,Y,true,true,True,True,
3hfm_0940,3HFM,3hfm_0940,1,antigen,4.87,experimental,Y:Y20A@antigen,antibody-antigen,Y:Y20A,Y:Y20A@antigen,HL_Y,HyHEL-10,FV,HL,Y,true,true,True,True,
3ngb_0949,3NGB,3ngb_0949,2,antibody,0.26,experimental,H:C32S@antibody__H:C98A@antibody,antibody-antigen,"H:C32S,H:C98A",H:C32S@antibody;H:C98A@antibody,G_HL,VRC01,HIV-1 gp120,HL,G,true,true,False,True,
3ngb_0952,3NGB,3ngb_0952,1,antibody,-0.06,experimental,H:A56G@antibody,antibody-antigen,H:A56G,H:A56G@antibody,G_HL,VRC01,HIV-1 gp120,HL,G,true,true,True,True,
3ngb_0953,3NGB,3ngb_0953,1,antibody,0.73,experimental,H:G54S@antibody,antibody-antigen,H:G54S,H:G54S@antibody,G_HL,VRC01,HIV-1 gp120,HL,G,true,true,True,True,
3ngb_0954,3NGB,3ngb_0954,1,antibody,0.08,experimental,H:I30T@antibody,antibody-antigen,H:I30T,H:I30T@antibody,G_HL,VRC01,HIV-1 gp120,HL,G,true,true,True,True,
3ngb_0959,3NGB,3ngb_0959,1,antibody,0.08,experimental,H:T33Y@antibody,antibody-antigen,H:T33Y,H:T33Y@antibody,G_HL,VRC01,HIV-1 gp120,HL,G,true,true,True,True,
3ngb_0960,3NGB,3ngb_0960,1,antibody,0.14,experimental,H:V57T@antibody,antibody-antigen,H:V57T,H:V57T@antibody,G_HL,VRC01,HIV-1 gp120,HL,G,true,true,True,True,
3ngb_0961,3NGB,3ngb_0961,1,antibody,0.16,experimental,H:V73T@antibody,antibody-antigen,H:V73T,H:V73T@antibody,G_HL,VRC01,HIV-1 gp120,HL,G,true,true,True,True,
3ngb_0962,3NGB,3ngb_0962,1,antibody,0.33,experimental,H:Y74S@antibody,antibody-antigen,H:Y74S,H:Y74S@antibody,G_HL,VRC01,HIV-1 gp120,HL,G,true,true,True,True,
3nps_0968,3NPS,3nps_0968,1,antigen,0.22,experimental,A:F50A@antigen,antibody-antigen,A:F50A,A:F50A@antigen,A_BC,MT-SP1,Fab Inhibitor S4,BC,A,true,true,True,True,
3nps_0969,3NPS,3nps_0969,1,antigen,1.61,experimental,A:F89A@antigen,antibody-antigen,A:F89A,A:F89A@antigen,A_BC,MT-SP1,Fab Inhibitor S4,BC,A,true,true,True,True,
3nps_0970,3NPS,3nps_0970,1,antigen,0.47,experimental,A:F92A@antigen,antibody-antigen,A:F92A,A:F92A@antigen,A_BC,MT-SP1,Fab Inhibitor S4,BC,A,true,true,True,True,
3nps_0971,3NPS,3nps_0971,1,antigen,1.89,experimental,A:H138A@antigen,antibody-antigen,A:H138A,A:H138A@antigen,A_BC,MT-SP1,Fab Inhibitor S4,BC,A,true,true,True,True,
3nps_0972,3NPS,3nps_0972,1,antigen,0.65,experimental,A:I26A@antigen,antibody-antigen,A:I26A,A:I26A@antigen,A_BC,MT-SP1,Fab Inhibitor S4,BC,A,true,true,True,True,
3nps_0973,3NPS,3nps_0973,1,antigen,-0.34,experimental,A:I45A@antigen,antibody-antigen,A:I45A,A:I45A@antigen,A_BC,MT-SP1,Fab Inhibitor S4,BC,A,true,true,True,True,
3nps_0975,3NPS,3nps_0975,1,antigen,0.3,experimental,A:L147A@antigen,antibody-antigen,A:L147A,A:L147A@antigen,A_BC,MT-SP1,Fab Inhibitor S4,BC,A,true,true,True,True,
3nps_0976,3NPS,3nps_0976,1,antigen,0.26,experimental,A:N90A@antigen,antibody-antigen,A:N90A,A:N90A@antigen,A_BC,MT-SP1,Fab Inhibitor S4,BC,A,true,true,True,True,
3nps_0977,3NPS,3nps_0977,1,antigen,0.3,experimental,A:Q140A@antigen,antibody-antigen,A:Q140A,A:Q140A@antigen,A_BC,MT-SP1,Fab Inhibitor S4,BC,A,true,true,True,True,
3nps_0978,3NPS,3nps_0978,1,antigen,-0.06,experimental,A:Q168A@antigen,antibody-antigen,A:Q168A,A:Q168A@antigen,A_BC,MT-SP1,Fab Inhibitor S4,BC,A,true,true,True,True,
3nps_0979,3NPS,3nps_0979,1,antigen,0.75,experimental,A:Q169A@antigen,antibody-antigen,A:Q169A,A:Q169A@antigen,A_BC,MT-SP1,Fab Inhibitor S4,BC,A,true,true,True,True,
3nps_0980,3NPS,3nps_0980,1,antigen,-0.04,experimental,A:Q218A@antigen,antibody-antigen,A:Q218A,A:Q218A@antigen,A_BC,MT-SP1,Fab Inhibitor S4,BC,A,true,true,True,True,
3nps_0981,3NPS,3nps_0981,1,antigen,0.03,experimental,A:Q23A@antigen,antibody-antigen,A:Q23A,A:Q23A@antigen,A_BC,MT-SP1,Fab Inhibitor S4,BC,A,true,true,True,True,
3nps_0986,3NPS,3nps_0986,1,antigen,0.18,experimental,A:T144A@antigen,antibody-antigen,A:T144A,A:T144A@antigen,A_BC,MT-SP1,Fab Inhibitor S4,BC,A,true,true,True,True,
3nps_0987,3NPS,3nps_0987,1,antigen,0.73,experimental,A:T93A@antigen,antibody-antigen,A:T93A,A:T93A@antigen,A_BC,MT-SP1,Fab Inhibitor S4,BC,A,true,true,True,True,
3nps_0988,3NPS,3nps_0988,1,antigen,1.79,experimental,A:Y141A@antigen,antibody-antigen,A:Y141A,A:Y141A@antigen,A_BC,MT-SP1,Fab Inhibitor S4,BC,A,true,true,True,True,
3nps_0989,3NPS,3nps_0989,1,antigen,0.46,experimental,A:Y52A@antigen,antibody-antigen,A:Y52A,A:Y52A@antigen,A_BC,MT-SP1,Fab Inhibitor S4,BC,A,true,true,True,True,
