mutation_group_id,chain_id,resseq,icode,wt,mut,entity_side
3bdy_0792,H,100,,F,A,antibody
3bdy_0793,H,96,,G,A,antibody
3bdy_0794,H,97,,G,A,antibody
3bdy_0795,H,99,,G,A,antibody
3bdy_0797,H,54,,N,A,antibody
3bdy_0800,H,32,,T,A,antibody
3bdy_0801,H,53,,T,A,antibody
3bdy_0802,H,95,,W,A,antibody
3bdy_0803,H,100,A,Y,A,antibody
3bdy_0804,H,33,,Y,A,antibody
3bdy_0805,H,52,,Y,A,antibody
3bdy_0806,H,56,,Y,A,antibody
3bdy_0808,L,31,,G,A,antibody
3bdy_0809,L,51,,G,A,antibody
3bdy_0810,L,91,,H,A,antibody
3bdy_0811,L,27,B,I,A,antibody
3bdy_0812,L,29,,I,A,antibody
3bdy_0813,L,27,C,P,A,antibody
3bdy_0815,L,28,,S,A,antibody
3bdy_0816,L,30,,S,A,antibody
3bdy_0817,L,52,,S,A,antibody
3bdy_0818,L,93,,T,A,antibody
3bdy_0819,L,94,,T,A,antibody
3bdy_0820,L,50,,W,A,antibody
3bdy_0821,L,32,,Y,A,antibody
3bdy_0822,L,53,,Y,A,antibody
3bdy_0823,L,92,,Y,A,antibody
