pdb_id,target_name,n_unique_single,n_affinity_gain,n_affinity_loss,n_affinity_neutral,wt_kd_median_M,wt_pKd_median,mut_kd_median_M,mut_kd_min_M,mut_kd_max_M,kd_fold_median_mut_over_wt,kd_fold_min_mut_over_wt,kd_fold_max_mut_over_wt,affinity_fold_median_mut_over_wt,delta_pKd_median,delta_pKd_mean,delta_pKd_min,delta_pKd_max,ddg_median_kcal_mol,ddg_mean_kcal_mol,ddg_min_kcal_mol,ddg_max_kcal_mol
1A4Y,ribonuclease inhibitor–angiogenin,16,2,14,0,5.4e-16,15.2676,1.3e-15,3.2e-16,1.4e-13,2.8561254,0.59259259,358.97436,0.35382353,-0.453495,-0.620611,-2.55506,0.227244,0.618368,0.846241,-0.309861,3.48398
1C1Y,Rap1A–Raf RBD,13,0,13,0,1.2e-06,5.92082,1.4e-05,2.8e-06,0.0001,11.666667,2.3333333,83.333333,0.085714286,-1.06695,-1.03643,-1.92082,-0.367977,1.45485,1.41324,0.501759,2.61915
1C4Z,E6AP–UBCH7,22,6,16,0,5e-06,5.30103,1.25e-05,1.9e-06,0.00014,2.5,0.38,28,0.40064103,-0.397592,-0.425471,-1.44716,0.420216,0.542141,0.580156,-0.572991,1.97329
1DAN,factor VIIa–tissue factor,85,28,46,11,6.16e-09,8.21042,7.81e-09,1.9e-12,3.25e-07,1.1444805,0.51136364,61.320755,0.87375887,-0.0586084,-0.244398,-1.78761,0.29127,0.0799161,0.337033,-0.397165,2.43751
1E50,AML1 Runt domain–CBFβ,11,3,8,0,1.4e-08,7.85387,6.9e-08,7.1e-09,8.5e-07,4.9285714,0.50714286,60.714286,0.20289855,-0.692721,-0.648814,-1.78329,0.29487,0.944567,0.884697,-0.402073,2.43163
1EMV,colicin E9 DNase–immunity protein Im9,34,0,34,0,1.62e-14,13.7905,6.91e-14,1.64e-14,3.53e-10,4.2654321,1.0123457,21790.123,0.23452584,-0.629886,-0.963181,-4.33826,-0.00532883,0.858888,1.31336,0.00726619,5.91548
1F47,FtsZ fragment–ZipA,12,3,9,0,2.16e-05,4.66555,8.155e-05,1.3e-06,0.00151,5.8053119,0.90740741,69.907407,0.17793129,-0.756787,-0.887927,-1.84452,0.0421977,1.03192,1.21074,-0.0575391,2.51512
1FFW,CheY–CheA,11,1,10,0,1.2e-06,5.92082,4e-06,7e-07,1.23e-05,3.3333333,0.58333333,10,0.3,-0.522879,-0.433608,-1,0.234083,0.712977,0.59125,-0.319187,1.36356
1JTD,TEM-1 beta-lactamase–BLIP-II,25,2,23,0,4.8e-13,12.3188,6.12e-12,8e-14,8.74e-09,12.75,0.16666667,18208.333,0.078431373,-1.10551,-1.28229,-4.26027,0.778151,1.50743,1.74848,-1.06106,5.80914
3QHY,class-A beta-lactamase–BLIP-II,25,1,24,0,3e-13,12.5229,1.35e-11,2.6e-13,2.88e-09,45,0.86666667,9600,0.022222222,-1.65321,-1.56183,-3.98227,0.0621479,2.25426,2.12965,-0.0847424,5.43007
