pdb_id,target_name,source_row_id,mutation_tokens,canonical_signature,temperature_K,affinity_wt_M,affinity_mut_M,kd_fold_mut_over_wt,affinity_fold_mut_over_wt,delta_pKd,ddg_kcal_mol,reference,method
1A4Y,ribonuclease inhibitor–angiogenin,skempi2_1a4y_1364,A:Y434A,A:Y434A,298.00,3.9e-16,9.6e-14,246.15385,0.0040625,-2.3912066,3.26055528,9050852,SFPF
1A4Y,ribonuclease inhibitor–angiogenin,skempi2_1a4y_1365,A:D435A,A:D435A,298.00,3.9e-16,1.4e-13,358.97436,0.0027857143,-2.5550634,3.48398397,9050852,SFPF
1A4Y,ribonuclease inhibitor–angiogenin,skempi2_1a4y_1366,A:Y437A,A:Y437A,298.00,3.9e-16,1.6e-15,4.1025641,0.24375,-0.61305538,0.83593819,9050852,SFPF
1A4Y,ribonuclease inhibitor–angiogenin,skempi2_1a4y_1376,A:R457A,A:R457A,298.00,5.4e-16,3.7e-16,0.68518519,1.4594595,0.16419204,-0.22388580,10970748,SFFL
1A4Y,ribonuclease inhibitor–angiogenin,skempi2_1a4y_1377,A:I459A,A:I459A,298.00,5.4e-16,1.7e-15,3.1481481,0.31764706,-0.49805516,0.67912842,10970748,SFFL
1A4Y,ribonuclease inhibitor–angiogenin,skempi2_1a4y_1390,A:W261A,A:W261A,298.00,5.4e-16,6.4e-16,1.1851852,0.84375,-0.073786214,0.10061198,10970748,SFFL
1A4Y,ribonuclease inhibitor–angiogenin,skempi2_1a4y_1391,A:W263A,A:W263A,298.00,5.4e-16,3.9e-15,7.2222222,0.13846154,-0.85867085,1.17084978,10970748,SFFL
1A4Y,ribonuclease inhibitor–angiogenin,skempi2_1a4y_1392,A:E287A,A:E287A,298.00,5.4e-16,6.4e-16,1.1851852,0.84375,-0.073786214,0.10061198,10970748,SFFL
1A4Y,ribonuclease inhibitor–angiogenin,skempi2_1a4y_1393,A:S289A,A:S289A,298.00,5.4e-16,5.8e-16,1.0740741,0.93103448,-0.031034234,0.04231706,10970748,SFFL
1A4Y,ribonuclease inhibitor–angiogenin,skempi2_1a4y_1394,A:W318A,A:W318A,298.00,5.4e-16,6.8e-15,12.592593,0.079411765,-1.1001152,1.50007374,10970748,SFFL
1A4Y,ribonuclease inhibitor–angiogenin,skempi2_1a4y_1395,A:K320A,A:K320A,298.00,5.4e-16,3.2e-16,0.59259259,1.6875,0.22724378,-0.30986068,10970748,SFFL
1A4Y,ribonuclease inhibitor–angiogenin,skempi2_1a4y_1396,A:E344A,A:E344A,298.00,5.4e-16,7.3e-16,1.3518519,0.73972603,-0.1309291,0.17852977,10970748,SFFL
1A4Y,ribonuclease inhibitor–angiogenin,skempi2_1a4y_1397,A:W375A,A:W375A,298.00,5.4e-16,3.1e-15,5.7407407,0.17419355,-0.75896793,1.03489881,10970748,SFFL
1A4Y,ribonuclease inhibitor–angiogenin,skempi2_1a4y_1398,A:E401A,A:E401A,298.00,5.4e-16,2.4e-15,4.4444444,0.225,-0.64781748,0.88333843,10970748,SFFL
1A4Y,ribonuclease inhibitor–angiogenin,skempi2_1a4y_1408,A:Y434F,A:Y434F,298.00,3.9e-16,1e-15,2.5641026,0.39,-0.40893539,0.55760821,10413501,SFFL
1A4Y,ribonuclease inhibitor–angiogenin,skempi2_1a4y_1409,A:Y437F,A:Y437F,298.00,3.9e-16,5.9e-16,1.5128205,0.66101695,-0.1797874,0.24515103,10413501,SFFL
1C1Y,Rap1A–Raf RBD,skempi2_1c1y_6625,B:K11M,B:K11M,298.00,1.2e-06,4e-06,3.3333333,0.3,-0.52287875,0.71297689,15236966,IAFL
1C1Y,Rap1A–Raf RBD,skempi2_1c1y_6626,B:N10A,B:N10A,298.00,1.2e-06,2.8e-06,2.3333333,0.42857143,-0.36797679,0.50175867,15236966,IAFL
1C1Y,Rap1A–Raf RBD,skempi2_1c1y_6627,B:N10D,B:N10D,298.00,1.2e-06,1.45e-05,12.083333,0.082758621,-1.0821868,1.47562728,15236966,IAFL
1C1Y,Rap1A–Raf RBD,skempi2_1c1y_6628,B:V15A,B:V15A,298.00,1.2e-06,8e-06,6.6666667,0.15,-0.82390874,1.12344954,15236966,IAFL
1C1Y,Rap1A–Raf RBD,skempi2_1c1y_6629,B:K11A,B:K11A,298.00,1.2e-06,7.8e-06,6.5,0.15384615,-0.81291336,1.10845667,15236966,IAFL
1C1Y,Rap1A–Raf RBD,skempi2_1c1y_6630,B:K11E,B:K11E,298.00,1.2e-06,5.4e-06,4.5,0.22222222,-0.65321251,0.89069488,15236966,IAFL
1C1Y,Rap1A–Raf RBD,skempi2_1c1y_6631,B:T14A,B:T14A,298.00,1.2e-06,1.4e-05,11.666667,0.085714286,-1.0669468,1.45484666,15236966,IAFL
1C1Y,Rap1A–Raf RBD,skempi2_1c1y_6632,B:R13A,B:R13A,298.00,1.2e-06,1.4e-05,11.666667,0.085714286,-1.0669468,1.45484666,15236966,IAFL
1C1Y,Rap1A–Raf RBD,skempi2_1c1y_6633,B:R5A,B:R5A,298.00,1.2e-06,3e-05,25,0.04,-1.39794,1.90617600,15236966,IAFL
1C1Y,Rap1A–Raf RBD,skempi2_1c1y_6634,B:Q12A,B:Q12A,298.00,1.2e-06,1.73e-05,14.416667,0.069364162,-1.1588649,1.58018253,15236966,IAFL
1C1Y,Rap1A–Raf RBD,skempi2_1c1y_6636,B:K30A,B:K30A,298.00,1.2e-06,1.1e-05,9.1666667,0.10909091,-0.96221144,1.31203366,15236966,IAFL
1C1Y,Rap1A–Raf RBD,skempi2_1c1y_6637,B:K30E,B:K30E,298.00,1.2e-06,5.2e-05,43.333333,0.023076923,-1.6368221,2.23190621,15236966,IAFL
1C1Y,Rap1A–Raf RBD,skempi2_1c1y_6639,B:R35L,B:R35L,298.00,1.2e-06,0.0001,83.333333,0.012,-1.9208188,2.61915288,15236966,IAFL
1C4Z,E6AP–UBCH7,skempi2_1c4z_5717,A:V138A,A:V138A,298.00,5e-06,1.3e-05,2.6,0.38461538,-0.41497335,0.56584133,17433363,FL
1C4Z,E6AP–UBCH7,skempi2_1c4z_5718,A:L139A,A:L139A,298.00,5e-06,3.9e-05,7.8,0.12820513,-0.8920946,1.21642510,17433363,FL
1C4Z,E6AP–UBCH7,skempi2_1c4z_5719,A:Q141A,A:Q141A,298.00,5e-06,2.6e-06,0.52,1.9230769,0.28399666,-0.38724667,17433363,FL
1C4Z,E6AP–UBCH7,skempi2_1c4z_5720,A:S142A,A:S142A,298.00,5e-06,1e-05,2,0.5,-0.30103,0.41047266,17433363,FL
1C4Z,E6AP–UBCH7,skempi2_1c4z_5721,A:L143A,A:L143A,298.00,5e-06,2.7e-05,5.4,0.18518519,-0.73239376,0.99866332,17433363,FL
1C4Z,E6AP–UBCH7,skempi2_1c4z_5722,A:D145A,A:D145A,298.00,5e-06,2.6e-06,0.52,1.9230769,0.28399666,-0.38724667,17433363,FL
1C4Z,E6AP–UBCH7,skempi2_1c4z_5723,A:D145K,A:D145K,298.00,5e-06,7.1e-06,1.42,0.70422535,-0.15228834,0.20765439,17433363,FL
1C4Z,E6AP–UBCH7,skempi2_1c4z_5724,A:L146A,A:L146A,298.00,5e-06,0.00014,28,0.035714286,-1.447158,1.97328776,17433363,FL
1C4Z,E6AP–UBCH7,skempi2_1c4z_5725,A:Y149A,A:Y149A,298.00,5e-06,4.4e-05,8.8,0.11363636,-0.94448267,1.28785941,17433363,FL
1C4Z,E6AP–UBCH7,skempi2_1c4z_5726,A:D156A,A:D156A,298.00,5e-06,1.2e-05,2.4,0.41666667,-0.38021124,0.51844109,17433363,FL
1C4Z,E6AP–UBCH7,skempi2_1c4z_5727,A:D156R,A:D156R,298.00,5e-06,5.1e-05,10.2,0.098039216,-1.0086002,1.37528751,17433363,FL
1C4Z,E6AP–UBCH7,skempi2_1c4z_5728,A:M157A,A:M157A,298.00,5e-06,0.00013,26,0.038461538,-1.4149733,1.92940199,17433363,FL
1C4Z,E6AP–UBCH7,skempi2_1c4z_5729,A:M158A,A:M158A,298.00,5e-06,1.8e-05,3.6,0.27777778,-0.5563025,0.75855220,17433363,FL
1C4Z,E6AP–UBCH7,skempi2_1c4z_5730,A:I159A,A:I159A,298.00,5e-06,1e-05,2,0.5,-0.30103,0.41047266,17433363,FL
1C4Z,E6AP–UBCH7,skempi2_1c4z_5731,A:T160A,A:T160A,298.00,5e-06,1.3e-05,2.6,0.38461538,-0.41497335,0.56584133,17433363,FL
1C4Z,E6AP–UBCH7,skempi2_1c4z_5732,A:I163A,A:I163A,298.00,5e-06,4.3e-06,0.86,1.1627907,0.065501549,-0.08931533,17433363,FL
1C4Z,E6AP–UBCH7,skempi2_1c4z_5733,A:S164A,A:S164A,298.00,5e-06,2.5e-06,0.5,2,0.30103,-0.41047266,17433363,FL
1C4Z,E6AP–UBCH7,skempi2_1c4z_5734,A:T166A,A:T166A,298.00,5e-06,4e-06,0.8,1.25,0.096910013,-0.13214268,17433363,FL
1C4Z,E6AP–UBCH7,skempi2_1c4z_5735,A:M174A,A:M174A,298.00,5e-06,1.9e-06,0.38,2.6315789,0.4202164,-0.57299055,17433363,FL
1C4Z,E6AP–UBCH7,skempi2_1c4z_5736,A:F194A,A:F194A,298.00,5e-06,7.4e-05,14.8,0.067567568,-1.1702617,1.59572283,17433363,FL
1C4Z,E6AP–UBCH7,skempi2_1c4z_5737,A:Y198L,A:Y198L,298.00,5e-06,2e-05,4,0.25,-0.60205999,0.82094532,17433363,FL
1C4Z,E6AP–UBCH7,skempi2_1c4z_5739,A:C324A,A:C324A,298.00,5e-06,6e-06,1.2,0.83333333,-0.079181246,0.10796843,17433363,FL
1DAN,factor VIIa–tissue factor,skempi2_1dan_2045,T:W40A,T:W40A,310.00,2.6e-12,3.27e-11,12.576923,0.079510703,-1.0995744,1.55971236,7756258,ELFA
1DAN,factor VIIa–tissue factor,skempi2_1dan_2046,T:S42A,T:S42A,310.00,2.6e-12,2.1e-12,0.80769231,1.2380952,0.092754053,-0.13156876,7756258,ELFA
1DAN,factor VIIa–tissue factor,skempi2_1dan_2047,T:V28A,T:V28A,310.00,2.6e-12,1.9e-12,0.73076923,1.3684211,0.13621975,-0.19322351,7756258,ELFA
1DAN,factor VIIa–tissue factor,skempi2_1dan_2048,T:Y46A,T:Y46A,310.00,2.6e-12,2.1e-12,0.80769231,1.2380952,0.092754053,-0.13156876,7756258,ELFA
1DAN,factor VIIa–tissue factor,skempi2_1dan_2049,T:F71A,T:F71A,310.00,2.6e-12,1.68e-11,6.4615385,0.1547619,-0.81033593,1.14943651,7756258,ELFA
1DAN,factor VIIa–tissue factor,skempi2_1dan_2050,T:Y73A,T:Y73A,310.00,2.6e-12,7.5e-12,2.8846154,0.34666667,-0.46008792,0.65262051,7756258,ELFA
1DAN,factor VIIa–tissue factor,skempi2_1dan_2051,U:P2A,U:P2A,310.00,2.6e-12,1.9e-12,0.73076923,1.3684211,0.13621975,-0.19322351,7756258,ELFA
1DAN,factor VIIa–tissue factor,skempi2_1dan_2052,U:Y4A,U:Y4A,310.00,2.6e-12,4.4e-12,1.6923077,0.59090909,-0.22847933,0.32409088,7756258,ELFA
1DAN,factor VIIa–tissue factor,skempi2_1dan_2053,T:V31A,T:V31A,310.00,2.6e-12,2.1e-12,0.80769231,1.2380952,0.092754053,-0.13156876,7756258,ELFA
1DAN,factor VIIa–tissue factor,skempi2_1dan_2054,T:Q32A,T:Q32A,310.00,2.6e-12,8.9e-12,3.4230769,0.29213483,-0.53441666,0.75805354,7756258,ELFA
1DAN,factor VIIa–tissue factor,skempi2_1dan_2055,T:I33A,T:I33A,310.00,2.6e-12,2.1e-12,0.80769231,1.2380952,0.092754053,-0.13156876,7756258,ELFA
1DAN,factor VIIa–tissue factor,skempi2_1dan_2056,T:G38A,T:G38A,310.00,2.6e-12,2.9e-12,1.1153846,0.89655172,-0.04742465,0.06727040,7756258,ELFA
1DAN,factor VIIa–tissue factor,skempi2_1dan_2057,T:K43A,T:K43A,310.00,2.6e-12,1.23e-11,4.7307692,0.21138211,-0.67493176,0.95736988,7756258,ELFA
1DAN,factor VIIa–tissue factor,skempi2_1dan_2059,T:T55A,T:T55A,310.00,2.6e-12,1.11e-10,42.692308,0.023423423,-1.6303496,2.31260064,7756258,ELFA
1DAN,factor VIIa–tissue factor,skempi2_1dan_2062,T:D39A,T:D39A,310.00,2.6e-12,2.67e-11,10.269231,0.097378277,-1.0115379,1.43483531,7756258,ELFA
1DAN,factor VIIa–tissue factor,skempi2_1dan_2073,T:K15A,T:K15A,298.00,5.3e-09,3.25e-07,61.320755,0.016307692,-1.7876075,2.43751124,7947809,ELISA
1DAN,factor VIIa–tissue factor,skempi2_1dan_2076,T:K41A,T:K41A,298.00,5.3e-09,2.4e-08,4.5283019,0.22083333,-0.65593537,0.89440767,7947809,ELISA
1DAN,factor VIIa–tissue factor,skempi2_1dan_2077,U:Q20A,U:Q20A,298.00,5.3e-09,4.8e-08,9.0566038,0.11041667,-0.95696537,1.30488033,7947809,ELISA
1DAN,factor VIIa–tissue factor,skempi2_1dan_2078,U:R45A,U:R45A,298.00,5.3e-09,2.8e-08,5.2830189,0.18928571,-0.72288216,0.98569368,7947809,ELISA
1DAN,factor VIIa–tissue factor,skempi2_1dan_2079,U:F50A,U:F50A,298.00,5.3e-09,2.23e-07,42.075472,0.023766816,-1.624029,2.21446204,7947809,ELISA
1DAN,factor VIIa–tissue factor,skempi2_1dan_2080,U:V113A,U:V113A,298.00,5.3e-09,7.5e-08,14.150943,0.070666667,-1.1507854,1.56916569,7947809,ELISA
1DAN,factor VIIa–tissue factor,skempi2_1dan_2081,T:S11A,T:S11A,298.00,8.64e-09,6.94e-09,0.80324074,1.2449568,0.095154272,-0.12974862,8312277,ELISA
1DAN,factor VIIa–tissue factor,skempi2_1dan_2082,T:L54A,T:L54A,298.00,8.64e-09,8.64e-09,1,1,-0,0.00000000,8312277,ELISA
1DAN,factor VIIa–tissue factor,skempi2_1dan_2083,T:D56A,T:D56A,298.00,8.64e-09,1.3e-08,1.5046296,0.66461538,-0.17742961,0.24193604,8312277,ELISA
1DAN,factor VIIa–tissue factor,skempi2_1dan_2084,T:E57A,T:E57A,298.00,8.64e-09,8.64e-09,1,1,-0,0.00000000,8312277,ELISA
1DAN,factor VIIa–tissue factor,skempi2_1dan_2085,T:I58A,T:I58A,298.00,8.64e-09,8.64e-09,1,1,-0,0.00000000,8312277,ELISA
1DAN,factor VIIa–tissue factor,skempi2_1dan_2086,T:V59A,T:V59A,298.00,8.64e-09,8.64e-09,1,1,-0,0.00000000,8312277,ELISA
1DAN,factor VIIa–tissue factor,skempi2_1dan_2087,T:Q64A,T:Q64A,298.00,8.64e-09,8.64e-09,1,1,-0,0.00000000,8312277,ELISA
1DAN,factor VIIa–tissue factor,skempi2_1dan_2088,T:L67A,T:L67A,298.00,8.64e-09,7.81e-09,0.90393519,1.106274,0.043862709,-0.05980946,8312277,ELISA
1DAN,factor VIIa–tissue factor,skempi2_1dan_2089,U:E15A,U:E15A,298.00,8.64e-09,7.81e-09,0.90393519,1.106274,0.043862709,-0.05980946,8312277,ELISA
1DAN,factor VIIa–tissue factor,skempi2_1dan_2090,U:T16A,U:T16A,298.00,8.64e-09,7.81e-09,0.90393519,1.106274,0.043862709,-0.05980946,8312277,ELISA
1DAN,factor VIIa–tissue factor,skempi2_1dan_2091,U:N17A,U:N17A,298.00,8.64e-09,8.64e-09,1,1,-0,0.00000000,8312277,ELISA
1DAN,factor VIIa–tissue factor,skempi2_1dan_2092,U:R41A,U:R41A,298.00,8.64e-09,8.64e-09,1,1,-0,0.00000000,8312277,ELISA
1DAN,factor VIIa–tissue factor,skempi2_1dan_2093,U:T42A,U:T42A,298.00,8.64e-09,8.64e-09,1,1,-0,0.00000000,8312277,ELISA
1DAN,factor VIIa–tissue factor,skempi2_1dan_2094,U:R46A,U:R46A,298.00,8.64e-09,7.81e-09,0.90393519,1.106274,0.043862709,-0.05980946,8312277,ELISA
1DAN,factor VIIa–tissue factor,skempi2_1dan_2095,U:N48A,U:N48A,298.00,8.64e-09,8.64e-09,1,1,-0,0.00000000,8312277,ELISA
1DAN,factor VIIa–tissue factor,skempi2_1dan_2096,U:V56A,U:V56A,298.00,8.64e-09,1.21e-08,1.400463,0.71404959,-0.14627163,0.19945024,8312277,ELISA
1DAN,factor VIIa–tissue factor,skempi2_1dan_2097,U:F57A,U:F57A,298.00,8.64e-09,7.81e-09,0.90393519,1.106274,0.043862709,-0.05980946,8312277,ELISA
1DAN,factor VIIa–tissue factor,skempi2_1dan_2098,U:Y67A,U:Y67A,298.00,8.64e-09,8.64e-09,1,1,-0,0.00000000,8312277,ELISA
1DAN,factor VIIa–tissue factor,skempi2_1dan_2099,U:V85A,U:V85A,298.00,8.64e-09,1.04e-08,1.2037037,0.83076923,-0.080519597,0.10979335,8312277,ELISA
1DAN,factor VIIa–tissue factor,skempi2_1dan_2100,U:R102A,U:R102A,298.00,8.64e-09,1.88e-08,2.1759259,0.45957447,-0.33764411,0.46039822,8312277,ELISA
1DAN,factor VIIa–tissue factor,skempi2_1dan_2101,U:T103A,U:T103A,298.00,8.64e-09,1.04e-08,1.2037037,0.83076923,-0.080519597,0.10979335,8312277,ELISA
1DAN,factor VIIa–tissue factor,skempi2_1dan_2102,U:V104A,U:V104A,298.00,8.64e-09,1.04e-08,1.2037037,0.83076923,-0.080519597,0.10979335,8312277,ELISA
1DAN,factor VIIa–tissue factor,skempi2_1dan_2103,U:N105A,U:N105A,298.00,8.64e-09,8.64e-09,1,1,-0,0.00000000,8312277,ELISA
1DAN,factor VIIa–tissue factor,skempi2_1dan_3056,U:E114A,U:E114A,298.00,6.16e-09,6.11e-09,0.99188312,1.0081833,0.0035395019,-0.00482633,7654692,SPR
1DAN,factor VIIa–tissue factor,skempi2_1dan_3058,U:T109A,U:T109A,298.00,6.16e-09,7.74e-09,1.2564935,0.79586563,-0.099160249,0.13521101,7654692,SPR
1DAN,factor VIIa–tissue factor,skempi2_1dan_3062,U:S101A,U:S101A,298.00,6.16e-09,6.13e-09,0.99512987,1.004894,0.0021202376,-0.00289107,7654692,SPR
1DAN,factor VIIa–tissue factor,skempi2_1dan_3064,U:Y91A,U:Y91A,298.00,6.16e-09,3.53e-09,0.57305195,1.7450425,0.24180601,-0.32971716,7654692,SPR
1DAN,factor VIIa–tissue factor,skempi2_1dan_3066,U:K87A,U:K87A,298.00,6.16e-09,6.34e-09,1.0292208,0.97160883,-0.012508546,0.01705616,7654692,SPR
1DAN,factor VIIa–tissue factor,skempi2_1dan_3067,U:L82A,U:L82A,298.00,6.16e-09,7.05e-09,1.1444805,0.87375887,-0.058608405,0.07991611,7654692,SPR
1DAN,factor VIIa–tissue factor,skempi2_1dan_3069,U:T78A,U:T78A,298.00,6.16e-09,5.9e-09,0.95779221,1.0440678,0.018728701,-0.02553772,7654692,SPR
1DAN,factor VIIa–tissue factor,skempi2_1dan_3070,U:K75A,U:K75A,298.00,6.16e-09,7.5e-09,1.2175325,0.82133333,-0.085480551,0.11655792,7654692,SPR
1DAN,factor VIIa–tissue factor,skempi2_1dan_3071,U:T73A,U:T73A,298.00,6.16e-09,8.81e-09,1.4301948,0.69920545,-0.1553952,0.21189078,7654692,SPR
1DAN,factor VIIa–tissue factor,skempi2_1dan_3073,U:G70R,U:G70R,298.00,6.16e-09,4.68e-09,0.75974026,1.3162393,0.11933486,-0.16272032,7654692,SPR
1DAN,factor VIIa–tissue factor,skempi2_1dan_3074,U:S69A,U:S69A,298.00,6.16e-09,6.4e-09,1.038961,0.9625,-0.016599262,0.02263410,7654692,SPR
1DAN,factor VIIa–tissue factor,skempi2_1dan_3075,U:W68F,U:W68F,298.00,6.16e-09,7.58e-09,1.2305195,0.81266491,-0.090088493,0.12284113,7654692,SPR
1DAN,factor VIIa–tissue factor,skempi2_1dan_3076,U:Y66L,U:Y66L,298.00,6.16e-09,8e-09,1.2987013,0.77,-0.11350927,0.15477678,7654692,SPR
1DAN,factor VIIa–tissue factor,skempi2_1dan_3077,U:I62A,U:I62A,298.00,6.16e-09,8.33e-09,1.3522727,0.7394958,-0.13106429,0.17871411,7654692,SPR
1DAN,factor VIIa–tissue factor,skempi2_1dan_3079,U:D55A,U:D55A,298.00,6.16e-09,6.05e-09,0.98214286,1.0181818,0.0078253375,-0.01067032,7654692,SPR
1DAN,factor VIIa–tissue factor,skempi2_1dan_3080,U:R54A,U:R54A,298.00,6.16e-09,6.13e-09,0.99512987,1.004894,0.0021202376,-0.00289107,7654692,SPR
1DAN,factor VIIa–tissue factor,skempi2_1dan_3082,U:T49A,U:T49A,298.00,6.16e-09,6e-09,0.97402597,1.0266667,0.011429462,-0.01558476,7654692,SPR
1DAN,factor VIIa–tissue factor,skempi2_1dan_3085,U:L43A,U:L43A,298.00,6.16e-09,5.88e-09,0.95454545,1.047619,0.020203386,-0.02754854,7654692,SPR
1DAN,factor VIIa–tissue factor,skempi2_1dan_3087,U:D39A,U:D39A,298.00,6.16e-09,5.89e-09,0.95616883,1.0458404,0.019465417,-0.02654228,7654692,SPR
1DAN,factor VIIa–tissue factor,skempi2_1dan_3088,U:E38A,U:E38A,298.00,6.16e-09,7.12e-09,1.1558442,0.86516854,-0.062899281,0.08576699,7654692,SPR
1DAN,factor VIIa–tissue factor,skempi2_1dan_3089,U:K32A,U:K32A,298.00,6.16e-09,5e-09,0.81168831,1.232,0.090610708,-0.12355320,7654692,SPR
1DAN,factor VIIa–tissue factor,skempi2_1dan_3093,U:E9A,U:E9A,298.00,6.16e-09,4.58e-09,0.74350649,1.3449782,0.12871523,-0.17551103,7654692,SPR
1DAN,factor VIIa–tissue factor,skempi2_1dan_3095,T:K63A,T:K63A,298.00,6.16e-09,5.47e-09,0.88798701,1.1261426,0.051593386,-0.07035071,7654692,SPR
1DAN,factor VIIa–tissue factor,skempi2_1dan_3099,T:D53E,T:D53E,298.00,6.16e-09,6.33e-08,10.275974,0.097314376,-1.011823,1.37968203,7654692,SPR
1DAN,factor VIIa–tissue factor,skempi2_1dan_3100,T:D53A,T:D53A,298.00,6.16e-09,1.77e-07,28.733766,0.03480226,-1.4583926,1.98860671,7654692,SPR
1DAN,factor VIIa–tissue factor,skempi2_1dan_3102,T:T47A,T:T47A,298.00,6.16e-09,1.22e-08,1.9805195,0.50491803,-0.29677912,0.40467633,7654692,SPR
1DAN,factor VIIa–tissue factor,skempi2_1dan_3103,T:F45A,T:F45A,298.00,6.16e-09,1.29e-08,2.0941558,0.47751938,-0.321009,0.43771524,7654692,SPR
1DAN,factor VIIa–tissue factor,skempi2_1dan_3108,T:W40F,T:W40F,298.00,6.16e-09,5.26e-08,8.538961,0.11711027,-0.93140503,1.27002726,7654692,SPR
1DAN,factor VIIa–tissue factor,skempi2_1dan_3110,T:S37A,T:S37A,298.00,6.16e-09,5.48e-09,0.88961039,1.1240876,0.050800154,-0.06926909,7654692,SPR
1DAN,factor VIIa–tissue factor,skempi2_1dan_3111,T:K36A,T:K36A,298.00,6.16e-09,1.06e-08,1.7207792,0.58113208,-0.23572515,0.32142554,7654692,SPR
1DAN,factor VIIa–tissue factor,skempi2_1dan_3114,T:K23A,T:K23A,298.00,6.16e-09,7.5e-09,1.2175325,0.82133333,-0.085480551,0.11655792,7654692,SPR
1DAN,factor VIIa–tissue factor,skempi2_1dan_3115,T:E21A,T:E21A,298.00,6.16e-09,7.31e-09,1.1866883,0.84268126,-0.074336665,0.10136255,7654692,SPR
1DAN,factor VIIa–tissue factor,skempi2_1dan_3116,T:W20F,T:W20F,298.00,6.16e-09,1.74e-08,2.8246753,0.35402299,-0.45096854,0.61492295,7654692,SPR
1DAN,factor VIIa–tissue factor,skempi2_1dan_3117,T:E19A,T:E19A,298.00,6.16e-09,1.87e-08,3.0357143,0.32941176,-0.48226089,0.65759198,7654692,SPR
1DAN,factor VIIa–tissue factor,skempi2_1dan_3118,T:I17A,T:I17A,298.00,6.16e-09,1.83e-08,2.9707792,0.33661202,-0.47287038,0.64478744,7654692,SPR
1DAN,factor VIIa–tissue factor,skempi2_1dan_3119,T:T16A,T:T16A,298.00,6.16e-09,4.71e-09,0.76461039,1.3078556,0.11655981,-0.15893636,7654692,SPR
1DAN,factor VIIa–tissue factor,skempi2_1dan_3120,T:K15R,T:K15R,298.00,6.16e-09,1.06e-07,17.207792,0.058113208,-1.2357252,1.68498620,7654692,SPR
1DAN,factor VIIa–tissue factor,skempi2_1dan_3122,T:N13A,T:N13A,298.00,6.16e-09,8.35e-09,1.3555195,0.73772455,-0.13210576,0.18013422,7654692,SPR
1DAN,factor VIIa–tissue factor,skempi2_1dan_3123,T:T12A,T:T12A,298.00,6.16e-09,7.55e-09,1.2256494,0.81589404,-0.088366239,0.12049273,7654692,SPR
1DAN,factor VIIa–tissue factor,skempi2_1dan_3124,T:K10A,T:K10A,298.00,6.16e-09,3.15e-09,0.51136364,1.9555556,0.29127016,-0.39716453,7654692,SPR
1DAN,factor VIIa–tissue factor,skempi2_1dan_3125,T:W9F,T:W9F,298.00,6.16e-09,1.98e-08,3.2142857,0.31111111,-0.50708448,0.69144044,7654692,SPR
1E50,AML1 Runt domain–CBFβ,skempi2_1e50_5645,A:D8A,A:D8A,298.00,1.4e-08,7.1e-09,0.50714286,1.971831,0.29486969,-0.40207270,12807883,ESMA
1E50,AML1 Runt domain–CBFβ,skempi2_1e50_5646,A:N11A,A:N11A,298.00,1.4e-08,4.4e-08,3.1428571,0.31818182,-0.49732464,0.67813231,12807883,ESMA
1E50,AML1 Runt domain–CBFβ,skempi2_1e50_5647,A:M48A,A:M48A,298.00,1.4e-08,1.3e-07,9.2857143,0.10769231,-0.96781532,1.31967489,12807883,ESMA
1E50,AML1 Runt domain–CBFβ,skempi2_1e50_5648,A:N51A,A:N51A,298.00,1.4e-08,8.5e-07,60.714286,0.016470588,-1.7832909,2.43162530,12807883,ESMA
1E50,AML1 Runt domain–CBFβ,skempi2_1e50_5649,A:Y55A,A:Y55A,298.00,1.4e-08,6.9e-08,4.9285714,0.20289855,-0.69272106,0.94456718,12807883,ESMA
1E50,AML1 Runt domain–CBFβ,skempi2_1e50_5650,A:S56A,A:S56A,298.00,1.4e-08,7.3e-08,5.2142857,0.19178082,-0.71719482,0.97793865,12807883,ESMA
1E50,AML1 Runt domain–CBFβ,skempi2_1e50_5651,A:T91A,A:T91A,298.00,1.4e-08,1.8e-07,12.857143,0.077777778,-1.1091445,1.51238576,12807883,ESMA
1E50,AML1 Runt domain–CBFβ,skempi2_1e50_5652,A:V101A,A:V101A,298.00,1.4e-08,1.3e-08,0.92857143,1.0769231,0.032184683,-0.04388577,12807883,ESMA
1E50,AML1 Runt domain–CBFβ,skempi2_1e50_5653,A:T103A,A:T103A,298.00,1.4e-08,5.6e-07,40,0.025,-1.60206,2.18450597,12807883,ESMA
1E50,AML1 Runt domain–CBFβ,skempi2_1e50_5662,A:R84A,A:R84A,298.00,2.61e-08,1.89e-08,0.72413793,1.3809524,0.1401787,-0.19114216,11257229,ESMA
1E50,AML1 Runt domain–CBFβ,skempi2_1e50_5663,A:K86M,A:K86M,298.00,2.61e-08,4.48e-08,1.7164751,0.58258929,-0.23463751,0.31994247,11257229,ESMA
1EMV,colicin E9 DNase–immunity protein Im9,skempi2_1emv_0498,A:C21A,A:C21A,298.00,1.62e-14,7.68e-14,4.7407407,0.2109375,-0.67584621,0.92155730,9425068,SFFL
1EMV,colicin E9 DNase–immunity protein Im9,skempi2_1emv_0499,A:N22A,A:N22A,298.00,1.62e-14,2.05e-14,1.2654321,0.7902439,-0.10223885,0.13940887,9425068,SFFL
1EMV,colicin E9 DNase–immunity protein Im9,skempi2_1emv_0500,A:D24A,A:D24A,298.00,1.62e-14,2.86e-14,1.7654321,0.56643357,-0.24685102,0.33659634,9425068,SFFL
1EMV,colicin E9 DNase–immunity protein Im9,skempi2_1emv_0501,A:T25A,A:T25A,298.00,1.62e-14,5.54e-14,3.4197531,0.29241877,-0.53399475,0.72813423,9425068,SFFL
1EMV,colicin E9 DNase–immunity protein Im9,skempi2_1emv_0502,A:S26A,A:S26A,298.00,1.62e-14,2.17e-14,1.3395062,0.74654378,-0.12694472,0.17309682,9425068,SFFL
1EMV,colicin E9 DNase–immunity protein Im9,skempi2_1emv_0503,A:S27A,A:S27A,298.00,1.62e-14,8.14e-14,5.0246914,0.1990172,-0.70110939,0.95600518,9425068,SFFL
1EMV,colicin E9 DNase–immunity protein Im9,skempi2_1emv_0504,A:E28A,A:E28A,298.00,1.62e-14,1.77e-13,10.925926,0.091525424,-1.0384583,1.41600082,9425068,SFFL
1EMV,colicin E9 DNase–immunity protein Im9,skempi2_1emv_0505,A:E29A,A:E29A,298.00,1.62e-14,2.72e-14,1.6790123,0.59558824,-0.22505389,0.30687463,9425068,SFFL
1EMV,colicin E9 DNase–immunity protein Im9,skempi2_1emv_0506,A:E30A,A:E30A,298.00,1.62e-14,2.35e-14,1.4506173,0.6893617,-0.16155285,0.22028711,9425068,SFFL
1EMV,colicin E9 DNase–immunity protein Im9,skempi2_1emv_0507,A:L31A,A:L31A,298.00,1.62e-14,5.2e-12,320.98765,0.0031153846,-2.5064883,3.41774887,9425068,SFFL
1EMV,colicin E9 DNase–immunity protein Im9,skempi2_1emv_0508,A:V32A,A:V32A,298.00,1.62e-14,1.26e-12,77.777778,0.012857143,-1.8908555,2.57829621,9425068,SFFL
1EMV,colicin E9 DNase–immunity protein Im9,skempi2_1emv_0509,A:K33A,A:K33A,298.00,1.62e-14,2.24e-14,1.382716,0.72321429,-0.140733,0.19189799,9425068,SFFL
1EMV,colicin E9 DNase–immunity protein Im9,skempi2_1emv_0510,A:L34A,A:L34A,298.00,1.62e-14,7.49e-14,4.6234568,0.21628838,-0.6649668,0.90672257,9425068,SFFL
1EMV,colicin E9 DNase–immunity protein Im9,skempi2_1emv_0511,A:V35A,A:V35A,298.00,1.62e-14,2.69e-13,16.604938,0.060223048,-1.2202373,1.66386753,9425068,SFFL
1EMV,colicin E9 DNase–immunity protein Im9,skempi2_1emv_0512,A:T36A,A:T36A,298.00,1.62e-14,7.4e-14,4.5679012,0.21891892,-0.65971671,0.89956374,9425068,SFFL
1EMV,colicin E9 DNase–immunity protein Im9,skempi2_1emv_0513,A:E39A,A:E39A,298.00,1.62e-14,5.46e-13,33.703704,0.02967033,-1.5276776,2.08308111,9425068,SFFL
1EMV,colicin E9 DNase–immunity protein Im9,skempi2_1emv_0514,A:E40A,A:E40A,298.00,1.62e-14,4.92e-14,3.037037,0.32926829,-0.48245009,0.65784996,9425068,SFFL
1EMV,colicin E9 DNase–immunity protein Im9,skempi2_1emv_0515,A:T42A,A:T42A,298.00,1.62e-14,2.71e-14,1.6728395,0.59778598,-0.22345428,0.30469346,9425068,SFFL
1EMV,colicin E9 DNase–immunity protein Im9,skempi2_1emv_0516,A:E43A,A:E43A,298.00,1.62e-14,2.32e-14,1.4320988,0.69827586,-0.15597297,0.21267861,9425068,SFFL
1EMV,colicin E9 DNase–immunity protein Im9,skempi2_1emv_0517,A:H44A,A:H44A,298.00,1.62e-14,6.6e-14,4.0740741,0.24545455,-0.61002892,0.83181144,9425068,SFFL
1EMV,colicin E9 DNase–immunity protein Im9,skempi2_1emv_0518,A:P45A,A:P45A,298.00,1.62e-14,3.39e-14,2.0925926,0.47787611,-0.32068468,0.43727302,9425068,SFFL
1EMV,colicin E9 DNase–immunity protein Im9,skempi2_1emv_0519,A:S46A,A:S46A,298.00,1.62e-14,1.64e-14,1.0123457,0.98780488,-0.0053288335,0.00726619,9425068,SFFL
1EMV,colicin E9 DNase–immunity protein Im9,skempi2_1emv_0520,A:G47A,A:G47A,298.00,1.62e-14,1.99e-13,12.283951,0.081407035,-1.0893381,1.48537852,9425068,SFFL
1EMV,colicin E9 DNase–immunity protein Im9,skempi2_1emv_0521,A:S48A,A:S48A,298.00,1.62e-14,6.51e-13,40.185185,0.024884793,-1.604066,2.18724125,9425068,SFFL
1EMV,colicin E9 DNase–immunity protein Im9,skempi2_1emv_0522,A:D49A,A:D49A,298.00,1.62e-14,3.53e-10,21790.123,4.5892351e-05,-4.3382597,5.91548023,9425068,SFFL
1EMV,colicin E9 DNase–immunity protein Im9,skempi2_1emv_0523,A:L50A,A:L50A,298.00,1.62e-14,4.47e-14,2.7592593,0.36241611,-0.44079251,0.60104732,9425068,SFFL
1EMV,colicin E9 DNase–immunity protein Im9,skempi2_1emv_0524,A:I51A,A:I51A,298.00,1.62e-14,6.78e-14,4.1851852,0.23893805,-0.62171468,0.84774568,9425068,SFFL
1EMV,colicin E9 DNase–immunity protein Im9,skempi2_1emv_0525,A:Y52A,A:Y52A,298.00,1.62e-14,5.69e-11,3512.3457,0.00028471002,-3.5455973,4.83463692,9425068,SFFL
1EMV,colicin E9 DNase–immunity protein Im9,skempi2_1emv_0526,A:Y53A,A:Y53A,298.00,1.62e-14,4.06e-11,2506.1728,0.00039901478,-3.399011,4.63475770,9425068,SFFL
1EMV,colicin E9 DNase–immunity protein Im9,skempi2_1emv_0527,A:P54A,A:P54A,298.00,1.62e-14,1.32e-13,8.1481481,0.12272727,-0.91105892,1.24228409,9425068,SFFL
1EMV,colicin E9 DNase–immunity protein Im9,skempi2_1emv_0528,A:D58A,A:D58A,298.00,1.62e-14,3.84e-14,2.3703704,0.421875,-0.37481621,0.51108464,9425068,SFFL
1EMV,colicin E9 DNase–immunity protein Im9,skempi2_1emv_0529,A:S61A,A:S61A,298.00,1.62e-14,7.04e-14,4.345679,0.23011364,-0.63805764,0.87003030,9425068,SFFL
1EMV,colicin E9 DNase–immunity protein Im9,skempi2_1emv_0530,A:V66A,A:V66A,298.00,1.62e-14,3.72e-13,22.962963,0.043548387,-1.3610279,1.85584413,9425068,SFFL
1EMV,colicin E9 DNase–immunity protein Im9,skempi2_1emv_0531,A:N67A,A:N67A,298.00,1.62e-14,2.59e-14,1.5987654,0.62548263,-0.20378475,0.27787287,9425068,SFFL
1F47,FtsZ fragment–ZipA,skempi2_1f47_1882,A:D4A,A:D4A,298.00,2.16e-05,6.94e-05,3.212963,0.31123919,-0.50690572,0.69119670,10880432,SPR
1F47,FtsZ fragment–ZipA,skempi2_1f47_1883,A:Y5A,A:Y5A,298.00,2.16e-05,9.37e-05,4.337963,0.23052295,-0.63728584,0.86897790,10880432,SPR
1F47,FtsZ fragment–ZipA,skempi2_1f47_1884,A:L6A,A:L6A,298.00,2.16e-05,0.000103,4.7685185,0.20970874,-0.67838347,0.92501701,10880432,SPR
1F47,FtsZ fragment–ZipA,skempi2_1f47_1885,A:D7A,A:D7A,298.00,2.16e-05,0.000403,18.657407,0.053598015,-1.2708513,1.73288283,10880432,SPR
1F47,FtsZ fragment–ZipA,skempi2_1f47_1886,A:I8A,A:I8A,298.00,2.16e-05,0.00151,69.907407,0.014304636,-1.8445232,2.51511926,10880432,SPR
1F47,FtsZ fragment–ZipA,skempi2_1f47_1887,A:P9A,A:P9A,298.00,2.16e-05,1.96e-05,0.90740741,1.1020408,0.04219768,-0.05753910,10880432,SPR
1F47,FtsZ fragment–ZipA,skempi2_1f47_1888,A:F11A,A:F11A,298.00,2.16e-05,0.00134,62.037037,0.016119403,-1.792651,2.44438844,10880432,SPR
1F47,FtsZ fragment–ZipA,skempi2_1f47_1889,A:L12A,A:L12A,298.00,2.16e-05,0.00104,48.148148,0.020769231,-1.6825796,2.29429933,10880432,SPR
1F47,FtsZ fragment–ZipA,skempi2_1f47_1890,A:K14A,A:K14A,298.00,2.16e-05,2.01e-05,0.93055556,1.0746269,0.031257694,-0.04262176,10880432,SPR
1F47,FtsZ fragment–ZipA,skempi2_1f47_1891,A:Q15A,A:Q15A,298.00,2.16e-05,2e-05,0.92592593,1.08,0.033423755,-0.04557532,10880432,SPR
1F47,FtsZ fragment–ZipA,skempi2_1f47_1892,A:D7S,A:D7S,298.00,1.9e-07,6.2e-06,32.631579,0.030645161,-1.5136381,2.06393735,11278571,FL
1F47,FtsZ fragment–ZipA,skempi2_1f47_1893,A:D7G,A:D7G,298.00,1.9e-07,1.3e-06,6.8421053,0.14615385,-0.83518975,1.13883189,11278571,FL
1FFW,CheY–CheA,skempi2_1ffw_1055,A:D12K,A:D12K,298.00,1.2e-06,1.3e-06,1.0833333,0.92307692,-0.034762106,0.04740024,7592655,ELISA
1FFW,CheY–CheA,skempi2_1ffw_1056,A:T86I,A:T86I,298.00,1.2e-06,7e-07,0.58333333,1.7142857,0.23408321,-0.31918665,7592655,ELISA
1FFW,CheY–CheA,skempi2_1ffw_1057,A:A89V,A:A89V,298.00,1.2e-06,1.4e-06,1.1666667,0.85714286,-0.06694679,0.09128601,7592655,ELISA
1FFW,CheY–CheA,skempi2_1ffw_1058,A:E92K,A:E92K,298.00,1.2e-06,4.8e-06,4,0.25,-0.60205999,0.82094532,7592655,ELISA
1FFW,CheY–CheA,skempi2_1ffw_1059,A:Y105W,A:Y105W,298.00,1.2e-06,4e-06,3.3333333,0.3,-0.52287875,0.71297689,7592655,ELISA
1FFW,CheY–CheA,skempi2_1ffw_1060,A:V107M,A:V107M,298.00,1.2e-06,8.1e-06,6.75,0.14814815,-0.82930377,1.13080600,7592655,ELISA
1FFW,CheY–CheA,skempi2_1ffw_1061,A:F110V,A:F110V,298.00,1.2e-06,1e-05,8.3333333,0.12,-0.92081875,1.25559222,7592655,ELISA
1FFW,CheY–CheA,skempi2_1ffw_1062,A:T111I,A:T111I,298.00,1.2e-06,3.1e-06,2.5833333,0.38709677,-0.41218045,0.56203304,7592655,ELISA
1FFW,CheY–CheA,skempi2_1ffw_1063,A:E116K,A:E116K,298.00,1.2e-06,4e-06,3.3333333,0.3,-0.52287875,0.71297689,7592655,ELISA
1FFW,CheY–CheA,skempi2_1ffw_6670,A:A102V,A:A102V,298.00,1.23e-06,1.23e-05,10,0.1,-1,1.36356066,7578071,ITC
1FFW,CheY–CheA,skempi2_1ffw_6671,A:Y50C,A:Y50C,298.00,1.23e-06,1.52e-06,1.2357724,0.80921053,-0.091938477,0.12536369,7578071,ITC
1JTD,TEM-1 beta-lactamase–BLIP-II,skempi2_1jtd_6776,B:N12A,B:N12A,298.00,4.8e-13,4.32e-12,9,0.11111111,-0.95424251,1.30116754,23625930,IASP
1JTD,TEM-1 beta-lactamase–BLIP-II,skempi2_1jtd_6777,B:D14A,B:D14A,298.00,4.8e-13,6.12e-12,12.75,0.078431373,-1.1055102,1.50743019,23625930,IASP
1JTD,TEM-1 beta-lactamase–BLIP-II,skempi2_1jtd_6778,B:W15A,B:W15A,298.00,4.8e-13,5.04e-12,10.5,0.095238095,-1.0211893,1.39245355,23625930,IASP
1JTD,TEM-1 beta-lactamase–BLIP-II,skempi2_1jtd_6779,B:T19A,B:T19A,298.00,4.8e-13,7.9e-13,1.6458333,0.60759494,-0.21638585,0.29505524,23625930,IASP
1JTD,TEM-1 beta-lactamase–BLIP-II,skempi2_1jtd_6780,B:Y35A,B:Y35A,298.00,4.8e-13,9.81e-11,204.375,0.0048929664,-2.3104278,3.15040841,23625930,IASP
1JTD,TEM-1 beta-lactamase–BLIP-II,skempi2_1jtd_6781,B:F36A,B:F36A,298.00,4.8e-13,3.56e-11,74.166667,0.013483146,-1.8702088,2.55014309,23625930,IASP
1JTD,TEM-1 beta-lactamase–BLIP-II,skempi2_1jtd_6782,B:L53A,B:L53A,298.00,4.8e-13,1.48e-12,3.0833333,0.32432432,-0.48902048,0.66680908,23625930,IASP
1JTD,TEM-1 beta-lactamase–BLIP-II,skempi2_1jtd_6783,B:N74A,B:N74A,298.00,4.8e-13,3.7e-12,7.7083333,0.12972973,-0.88696049,1.20942442,23625930,IASP
1JTD,TEM-1 beta-lactamase–BLIP-II,skempi2_1jtd_6784,B:Y75A,B:Y75A,298.00,4.8e-13,1.08e-12,2.25,0.44444444,-0.35218252,0.48022223,23625930,IASP
1JTD,TEM-1 beta-lactamase–BLIP-II,skempi2_1jtd_6785,B:D93A,B:D93A,298.00,4.8e-13,1.38e-11,28.75,0.034782609,-1.4586378,1.98894118,23625930,IASP
1JTD,TEM-1 beta-lactamase–BLIP-II,skempi2_1jtd_6786,B:W114A,B:W114A,298.00,4.8e-13,1.17e-10,243.75,0.0041025641,-2.3869446,3.25474378,23625930,IASP
1JTD,TEM-1 beta-lactamase–BLIP-II,skempi2_1jtd_6787,B:D129A,B:D129A,298.00,4.8e-13,2.43e-12,5.0625,0.19753086,-0.70436504,0.96044445,23625930,IASP
1JTD,TEM-1 beta-lactamase–BLIP-II,skempi2_1jtd_6788,B:S131A,B:S131A,298.00,4.8e-13,6.2e-13,1.2916667,0.77419355,-0.11115045,0.15156038,23625930,IASP
1JTD,TEM-1 beta-lactamase–BLIP-II,skempi2_1jtd_6789,B:D132A,B:D132A,298.00,4.8e-13,1.9e-13,0.39583333,2.5263158,0.40248764,-0.54881631,23625930,IASP
1JTD,TEM-1 beta-lactamase–BLIP-II,skempi2_1jtd_6790,B:Y153A,B:Y153A,298.00,4.8e-13,1.26e-10,262.5,0.0038095238,-2.4191293,3.29862955,23625930,IASP
1JTD,TEM-1 beta-lactamase–BLIP-II,skempi2_1jtd_6791,B:D168A,B:D168A,298.00,4.8e-13,8e-14,0.16666667,6,0.77815125,-1.06105643,23625930,IASP
1JTD,TEM-1 beta-lactamase–BLIP-II,skempi2_1jtd_6792,B:Y170A,B:Y170A,298.00,4.8e-13,1.47e-11,30.625,0.032653061,-1.4860761,2.02635490,23625930,IASP
1JTD,TEM-1 beta-lactamase–BLIP-II,skempi2_1jtd_6793,B:F171A,B:F171A,298.00,4.8e-13,1.97e-11,41.041667,0.024365482,-1.613225,2.19973012,23625930,IASP
1JTD,TEM-1 beta-lactamase–BLIP-II,skempi2_1jtd_6794,B:I191A,B:I191A,298.00,4.8e-13,6.31e-11,131.45833,0.0076069731,-2.1187881,2.88909612,23625930,IASP
1JTD,TEM-1 beta-lactamase–BLIP-II,skempi2_1jtd_6795,B:F192A,B:F192A,298.00,4.8e-13,3.85e-10,802.08333,0.0012467532,-2.9042195,3.96007944,23625930,IASP
1JTD,TEM-1 beta-lactamase–BLIP-II,skempi2_1jtd_6796,B:Y210A,B:Y210A,298.00,4.8e-13,1.93e-12,4.0208333,0.24870466,-0.60431607,0.82402162,23625930,IASP
1JTD,TEM-1 beta-lactamase–BLIP-II,skempi2_1jtd_6797,B:E230A,B:E230A,298.00,4.8e-13,1.09e-11,22.708333,0.044036697,-1.3561853,1.84924086,23625930,IASP
1JTD,TEM-1 beta-lactamase–BLIP-II,skempi2_1jtd_6798,B:W231A,B:W231A,298.00,4.8e-13,8.74e-09,18208.333,5.4919908e-05,-4.2602702,5.80913682,23625930,IASP
1JTD,TEM-1 beta-lactamase–BLIP-II,skempi2_1jtd_6799,B:R248A,B:R248A,298.00,4.8e-13,2.15e-12,4.4791667,0.22325581,-0.65119722,0.88794691,23625930,IASP
1JTD,TEM-1 beta-lactamase–BLIP-II,skempi2_1jtd_6800,B:N266A,B:N266A,298.00,4.8e-13,4.35e-11,90.625,0.011034483,-1.957248,2.66882639,23625930,IASP
3QHY,class-A beta-lactamase–BLIP-II,skempi2_3qhy_6801,B:N10A,B:N10A,298.00,3e-13,1.35e-11,45,0.022222222,-1.6532125,2.25425554,23625930,IASP
3QHY,class-A beta-lactamase–BLIP-II,skempi2_3qhy_6802,B:D12A,B:D12A,298.00,3e-13,1.35e-11,45,0.022222222,-1.6532125,2.25425554,23625930,IASP
3QHY,class-A beta-lactamase–BLIP-II,skempi2_3qhy_6803,B:W13A,B:W13A,298.00,3e-13,3.77e-11,125.66667,0.0079575597,-2.0992201,2.86241393,23625930,IASP
3QHY,class-A beta-lactamase–BLIP-II,skempi2_3qhy_6804,B:T17A,B:T17A,298.00,3e-13,3.3e-13,1.1,0.90909091,-0.041392685,0.05644144,23625930,IASP
3QHY,class-A beta-lactamase–BLIP-II,skempi2_3qhy_6805,B:Y33A,B:Y33A,298.00,3e-13,4.03e-11,134.33333,0.0074441687,-2.1281838,2.90190769,23625930,IASP
3QHY,class-A beta-lactamase–BLIP-II,skempi2_3qhy_6806,B:F34A,B:F34A,298.00,3e-13,2.5e-10,833.33333,0.0012,-2.9208188,3.98271354,23625930,IASP
3QHY,class-A beta-lactamase–BLIP-II,skempi2_3qhy_6807,B:L51A,B:L51A,298.00,3e-13,1.19e-12,3.9666667,0.25210084,-0.59842571,0.81598975,23625930,IASP
3QHY,class-A beta-lactamase–BLIP-II,skempi2_3qhy_6808,B:N72A,B:N72A,298.00,3e-13,4.51e-12,15.033333,0.066518847,-1.1770553,1.60498628,23625930,IASP
3QHY,class-A beta-lactamase–BLIP-II,skempi2_3qhy_6809,B:Y73A,B:Y73A,298.00,3e-13,1.16e-12,3.8666667,0.25862069,-0.58733673,0.80086926,23625930,IASP
3QHY,class-A beta-lactamase–BLIP-II,skempi2_3qhy_6810,B:D91A,B:D91A,298.00,3e-13,7.28e-12,24.266667,0.041208791,-1.3850101,1.88854531,23625930,IASP
3QHY,class-A beta-lactamase–BLIP-II,skempi2_3qhy_6811,B:W112A,B:W112A,298.00,3e-13,1.8e-10,600,0.0016666667,-2.7781513,3.78817774,23625930,IASP
3QHY,class-A beta-lactamase–BLIP-II,skempi2_3qhy_6812,B:D127A,B:D127A,298.00,3e-13,5.7e-13,1.9,0.52631579,-0.2787536,0.38009744,23625930,IASP
3QHY,class-A beta-lactamase–BLIP-II,skempi2_3qhy_6813,B:S129A,B:S129A,298.00,3e-13,2.6e-13,0.86666667,1.1538462,0.062147907,-0.08474244,23625930,IASP
3QHY,class-A beta-lactamase–BLIP-II,skempi2_3qhy_6814,B:D130A,B:D130A,298.00,3e-13,1.52e-12,5.0666667,0.19736842,-0.70472233,0.96093165,23625930,IASP
3QHY,class-A beta-lactamase–BLIP-II,skempi2_3qhy_6815,B:Y151A,B:Y151A,298.00,3e-13,9.7e-11,323.33333,0.0030927835,-2.5096505,3.42206066,23625930,IASP
3QHY,class-A beta-lactamase–BLIP-II,skempi2_3qhy_6816,B:D166A,B:D166A,298.00,3e-13,1.1e-10,366.66667,0.0027272727,-2.5642714,3.49653964,23625930,IASP
3QHY,class-A beta-lactamase–BLIP-II,skempi2_3qhy_6817,B:Y168A,B:Y168A,298.00,3e-13,5.69e-12,18.966667,0.052724077,-1.277991,1.74261826,23625930,IASP
3QHY,class-A beta-lactamase–BLIP-II,skempi2_3qhy_6818,B:F169A,B:F169A,298.00,3e-13,9.75e-12,32.5,0.030769231,-1.5118834,2.06154467,23625930,IASP
3QHY,class-A beta-lactamase–BLIP-II,skempi2_3qhy_6819,B:I189A,B:I189A,298.00,3e-13,5.32e-11,177.33333,0.0056390977,-2.2487904,3.06636208,23625930,IASP
3QHY,class-A beta-lactamase–BLIP-II,skempi2_3qhy_6820,B:F190A,B:F190A,298.00,3e-13,5.39e-11,179.66667,0.0055658627,-2.2544675,3.07410320,23625930,IASP
3QHY,class-A beta-lactamase–BLIP-II,skempi2_3qhy_6821,B:Y208A,B:Y208A,298.00,3e-13,4.5e-13,1.5,0.66666667,-0.17609126,0.24011111,23625930,IASP
3QHY,class-A beta-lactamase–BLIP-II,skempi2_3qhy_6822,B:E228A,B:E228A,298.00,3e-13,4.85e-11,161.66667,0.006185567,-2.2086205,3.01158800,23625930,IASP
3QHY,class-A beta-lactamase–BLIP-II,skempi2_3qhy_6823,B:W229A,B:W229A,298.00,3e-13,2.88e-09,9600,0.00010416667,-3.9822712,5.43006838,23625930,IASP
3QHY,class-A beta-lactamase–BLIP-II,skempi2_3qhy_6824,B:R246A,B:R246A,298.00,3e-13,7.4e-13,2.4666667,0.40540541,-0.39211047,0.53466640,23625930,IASP
3QHY,class-A beta-lactamase–BLIP-II,skempi2_3qhy_6825,B:N264A,B:N264A,298.00,3e-13,2.84e-11,94.666667,0.01056338,-1.9761971,2.69466460,23625930,IASP
