source_row_id,pdb_id,mutation_tokens,source_mutation_tokens,source_mut_index,structure_mapped,canonical_signature,mutation_count,single_point,antibody_chains,antigen_chains,ddg_kcal_mol,ddg_censored,censor_reason,temperature_K,affinity_mut_M,affinity_wt_M,reference,method,source_dataset,label_type
skempi2_1c1y_6625,1C1Y,B:K11M,KB11M,,True,B:K11M,1,True,B,A,0.71297689,False,,298.00,4E-06,1.2E-06,15236966,IAFL,SKEMPI2,experimental_ddg
skempi2_1c1y_6626,1C1Y,B:N10A,NB10A,,True,B:N10A,1,True,B,A,0.50175867,False,,298.00,2.8E-06,1.2E-06,15236966,IAFL,SKEMPI2,experimental_ddg
skempi2_1c1y_6627,1C1Y,B:N10D,NB10D,,True,B:N10D,1,True,B,A,1.47562728,False,,298.00,1.45E-05,1.2E-06,15236966,IAFL,SKEMPI2,experimental_ddg
skempi2_1c1y_6628,1C1Y,B:V15A,VB15A,,True,B:V15A,1,True,B,A,1.12344954,False,,298.00,8E-06,1.2E-06,15236966,IAFL,SKEMPI2,experimental_ddg
skempi2_1c1y_6629,1C1Y,B:K11A,KB11A,,True,B:K11A,1,True,B,A,1.10845667,False,,298.00,7.8E-06,1.2E-06,15236966,IAFL,SKEMPI2,experimental_ddg
skempi2_1c1y_6630,1C1Y,B:K11E,KB11E,,True,B:K11E,1,True,B,A,0.89069488,False,,298.00,5.4E-06,1.2E-06,15236966,IAFL,SKEMPI2,experimental_ddg
skempi2_1c1y_6631,1C1Y,B:T14A,TB14A,,True,B:T14A,1,True,B,A,1.45484666,False,,298.00,1.4E-05,1.2E-06,15236966,IAFL,SKEMPI2,experimental_ddg
skempi2_1c1y_6632,1C1Y,B:R13A,RB13A,,True,B:R13A,1,True,B,A,1.45484666,False,,298.00,1.4E-05,1.2E-06,15236966,IAFL,SKEMPI2,experimental_ddg
skempi2_1c1y_6633,1C1Y,B:R5A,RB5A,,True,B:R5A,1,True,B,A,1.90617600,False,,298.00,3E-05,1.2E-06,15236966,IAFL,SKEMPI2,experimental_ddg
skempi2_1c1y_6634,1C1Y,B:Q12A,QB12A,,True,B:Q12A,1,True,B,A,1.58018253,False,,298.00,1.73E-05,1.2E-06,15236966,IAFL,SKEMPI2,experimental_ddg
skempi2_1c1y_6635,1C1Y,B:R5A;B:N10D,"RB5A,NB10D",,True,B:R5A;B:N10D,2,False,B,A,2.75129556,False,,298.00,1.25E-04,1.2E-06,15236966,IAFL,SKEMPI2,experimental_ddg
skempi2_1c1y_6636,1C1Y,B:K30A,KB30A,,True,B:K30A,1,True,B,A,1.31203366,False,,298.00,1.1E-05,1.2E-06,15236966,IAFL,SKEMPI2,experimental_ddg
skempi2_1c1y_6637,1C1Y,B:K30E,KB30E,,True,B:K30E,1,True,B,A,2.23190621,False,,298.00,5.2E-05,1.2E-06,15236966,IAFL,SKEMPI2,experimental_ddg
skempi2_1c1y_6638,1C1Y,B:K30A;B:R35G,"KB30A,RB35G",,True,B:K30A;B:R35G,2,False,B,A,2.61915288,False,,298.00,1E-04,1.2E-06,15236966,IAFL,SKEMPI2,experimental_ddg
skempi2_1c1y_6639,1C1Y,B:R35L,RB35L,,True,B:R35L,1,True,B,A,2.61915288,False,,298.00,1E-04,1.2E-06,15236966,IAFL,SKEMPI2,experimental_ddg
skempi2_1a4y_1364,1A4Y,A:Y434A,YA434A,,True,A:Y434A,1,True,A,B,3.26055528,False,,298.00,9.6E-14,3.9E-16,9050852,SFPF,SKEMPI2,experimental_ddg
skempi2_1a4y_1365,1A4Y,A:D435A,DA435A,,True,A:D435A,1,True,A,B,3.48398397,False,,298.00,1.4E-13,3.9E-16,9050852,SFPF,SKEMPI2,experimental_ddg
skempi2_1a4y_1366,1A4Y,A:Y437A,YA437A,,True,A:Y437A,1,True,A,B,0.83593819,False,,298.00,1.6E-15,3.9E-16,9050852,SFPF,SKEMPI2,experimental_ddg
skempi2_1a4y_1374,1A4Y,A:Q430A;A:V432A,"QA430A,VA432A",,True,A:Q430A;A:V432A,2,False,A,B,0.07218155,False,,298.00,6.1E-16,5.4E-16,10970748,SFFL,SKEMPI2,experimental_ddg
skempi2_1a4y_1375,1A4Y,A:W438A;A:S439A;A:E440A,"WA438A,SA439A,EA440A",,True,A:W438A;A:S439A;A:E440A,3,False,A,B,1.78489943,False,,298.00,1.1E-14,5.4E-16,10970748,SFFL,SKEMPI2,experimental_ddg
skempi2_1a4y_1376,1A4Y,A:R457A,RA457A,,True,A:R457A,1,True,A,B,-0.22388580,False,,298.00,3.7E-16,5.4E-16,10970748,SFFL,SKEMPI2,experimental_ddg
skempi2_1a4y_1377,1A4Y,A:I459A,IA459A,,True,A:I459A,1,True,A,B,0.67912842,False,,298.00,1.7E-15,5.4E-16,10970748,SFFL,SKEMPI2,experimental_ddg
skempi2_1a4y_1390,1A4Y,A:W261A,WA261A,,True,A:W261A,1,True,A,B,0.10061198,False,,298.00,6.4E-16,5.4E-16,10970748,SFFL,SKEMPI2,experimental_ddg
skempi2_1a4y_1391,1A4Y,A:W263A,WA263A,,True,A:W263A,1,True,A,B,1.17084978,False,,298.00,3.9E-15,5.4E-16,10970748,SFFL,SKEMPI2,experimental_ddg
skempi2_1a4y_1392,1A4Y,A:E287A,EA287A,,True,A:E287A,1,True,A,B,0.10061198,False,,298.00,6.4E-16,5.4E-16,10970748,SFFL,SKEMPI2,experimental_ddg
skempi2_1a4y_1393,1A4Y,A:S289A,SA289A,,True,A:S289A,1,True,A,B,0.04231706,False,,298.00,5.8E-16,5.4E-16,10970748,SFFL,SKEMPI2,experimental_ddg
skempi2_1a4y_1394,1A4Y,A:W318A,WA318A,,True,A:W318A,1,True,A,B,1.50007374,False,,298.00,6.8E-15,5.4E-16,10970748,SFFL,SKEMPI2,experimental_ddg
skempi2_1a4y_1395,1A4Y,A:K320A,KA320A,,True,A:K320A,1,True,A,B,-0.30986068,False,,298.00,3.2E-16,5.4E-16,10970748,SFFL,SKEMPI2,experimental_ddg
skempi2_1a4y_1396,1A4Y,A:E344A,EA344A,,True,A:E344A,1,True,A,B,0.17852977,False,,298.00,7.3E-16,5.4E-16,10970748,SFFL,SKEMPI2,experimental_ddg
skempi2_1a4y_1397,1A4Y,A:W375A,WA375A,,True,A:W375A,1,True,A,B,1.03489881,False,,298.00,3.1E-15,5.4E-16,10970748,SFFL,SKEMPI2,experimental_ddg
skempi2_1a4y_1398,1A4Y,A:E401A,EA401A,,True,A:E401A,1,True,A,B,0.88333843,False,,298.00,2.4E-15,5.4E-16,10970748,SFFL,SKEMPI2,experimental_ddg
skempi2_1a4y_1408,1A4Y,A:Y434F,YA434F,,True,A:Y434F,1,True,A,B,0.55760821,False,,298.00,1E-15,3.9E-16,10413501,SFFL,SKEMPI2,experimental_ddg
skempi2_1a4y_1409,1A4Y,A:Y437F,YA437F,,True,A:Y437F,1,True,A,B,0.24515103,False,,298.00,5.9E-16,3.9E-16,10413501,SFFL,SKEMPI2,experimental_ddg
skempi2_1a4y_1410,1A4Y,A:Y434A;A:D435A,"YA434A,DA435A",,True,A:Y434A;A:D435A,2,False,A,B,6.81780328,False,,298.00,3.9E-11,3.9E-16,10413501,SFFL,SKEMPI2,experimental_ddg
skempi2_1a4y_1411,1A4Y,A:Y434A;A:Y437A,"YA434A,YA437A",,True,A:Y434A;A:Y437A,2,False,A,B,6.64235856,False,,298.00,2.9E-11,3.9E-16,10413501,SFFL,SKEMPI2,experimental_ddg
skempi2_1c4z_5717,1C4Z,A:V138A,VA138A,,True,A:V138A,1,True,"A,B,C",D,0.56584133,False,,298.00,1.3E-05,5E-06,17433363,FL,SKEMPI2,experimental_ddg
skempi2_1c4z_5718,1C4Z,A:L139A,LA139A,,True,A:L139A,1,True,"A,B,C",D,1.21642510,False,,298.00,3.9E-05,5E-06,17433363,FL,SKEMPI2,experimental_ddg
skempi2_1c4z_5719,1C4Z,A:Q141A,QA141A,,True,A:Q141A,1,True,"A,B,C",D,-0.38724667,False,,298.00,2.6E-06,5E-06,17433363,FL,SKEMPI2,experimental_ddg
skempi2_1c4z_5720,1C4Z,A:S142A,SA142A,,True,A:S142A,1,True,"A,B,C",D,0.41047266,False,,298.00,1E-05,5E-06,17433363,FL,SKEMPI2,experimental_ddg
skempi2_1c4z_5721,1C4Z,A:L143A,LA143A,,True,A:L143A,1,True,"A,B,C",D,0.99866332,False,,298.00,2.7E-05,5E-06,17433363,FL,SKEMPI2,experimental_ddg
skempi2_1c4z_5722,1C4Z,A:D145A,DA145A,,True,A:D145A,1,True,"A,B,C",D,-0.38724667,False,,298.00,2.6E-06,5E-06,17433363,FL,SKEMPI2,experimental_ddg
skempi2_1c4z_5723,1C4Z,A:D145K,DA145K,,True,A:D145K,1,True,"A,B,C",D,0.20765439,False,,298.00,7.1E-06,5E-06,17433363,FL,SKEMPI2,experimental_ddg
skempi2_1c4z_5724,1C4Z,A:L146A,LA146A,,True,A:L146A,1,True,"A,B,C",D,1.97328776,False,,298.00,1.4E-04,5E-06,17433363,FL,SKEMPI2,experimental_ddg
skempi2_1c4z_5725,1C4Z,A:Y149A,YA149A,,True,A:Y149A,1,True,"A,B,C",D,1.28785941,False,,298.00,4.4E-05,5E-06,17433363,FL,SKEMPI2,experimental_ddg
skempi2_1c4z_5726,1C4Z,A:D156A,DA156A,,True,A:D156A,1,True,"A,B,C",D,0.51844109,False,,298.00,1.2E-05,5E-06,17433363,FL,SKEMPI2,experimental_ddg
skempi2_1c4z_5727,1C4Z,A:D156R,DA156R,,True,A:D156R,1,True,"A,B,C",D,1.37528751,False,,298.00,5.1E-05,5E-06,17433363,FL,SKEMPI2,experimental_ddg
skempi2_1c4z_5728,1C4Z,A:M157A,MA157A,,True,A:M157A,1,True,"A,B,C",D,1.92940199,False,,298.00,1.3E-04,5E-06,17433363,FL,SKEMPI2,experimental_ddg
skempi2_1c4z_5729,1C4Z,A:M158A,MA158A,,True,A:M158A,1,True,"A,B,C",D,0.75855220,False,,298.00,1.8E-05,5E-06,17433363,FL,SKEMPI2,experimental_ddg
skempi2_1c4z_5730,1C4Z,A:I159A,IA159A,,True,A:I159A,1,True,"A,B,C",D,0.41047266,False,,298.00,1E-05,5E-06,17433363,FL,SKEMPI2,experimental_ddg
skempi2_1c4z_5731,1C4Z,A:T160A,TA160A,,True,A:T160A,1,True,"A,B,C",D,0.56584133,False,,298.00,1.3E-05,5E-06,17433363,FL,SKEMPI2,experimental_ddg
skempi2_1c4z_5732,1C4Z,A:I163A,IA163A,,True,A:I163A,1,True,"A,B,C",D,-0.08931533,False,,298.00,4.3E-06,5E-06,17433363,FL,SKEMPI2,experimental_ddg
skempi2_1c4z_5733,1C4Z,A:S164A,SA164A,,True,A:S164A,1,True,"A,B,C",D,-0.41047266,False,,298.00,2.5E-06,5E-06,17433363,FL,SKEMPI2,experimental_ddg
skempi2_1c4z_5734,1C4Z,A:T166A,TA166A,,True,A:T166A,1,True,"A,B,C",D,-0.13214268,False,,298.00,4E-06,5E-06,17433363,FL,SKEMPI2,experimental_ddg
skempi2_1c4z_5735,1C4Z,A:M174A,MA174A,,True,A:M174A,1,True,"A,B,C",D,-0.57299055,False,,298.00,1.9E-06,5E-06,17433363,FL,SKEMPI2,experimental_ddg
skempi2_1c4z_5736,1C4Z,A:F194A,FA194A,,True,A:F194A,1,True,"A,B,C",D,1.59572283,False,,298.00,7.4E-05,5E-06,17433363,FL,SKEMPI2,experimental_ddg
skempi2_1c4z_5737,1C4Z,A:Y198L,YA198L,,True,A:Y198L,1,True,"A,B,C",D,0.82094532,False,,298.00,2E-05,5E-06,17433363,FL,SKEMPI2,experimental_ddg
skempi2_1c4z_5738,1C4Z,A:S243P;A:N245P,"SA243P,NA245P",,True,A:S243P;A:N245P,2,False,"A,B,C",D,-0.07570124,False,,298.00,4.4E-06,5E-06,17433363,FL,SKEMPI2,experimental_ddg
skempi2_1c4z_5739,1C4Z,A:C324A,CA324A,,True,A:C324A,1,True,"A,B,C",D,0.10796843,False,,298.00,6E-06,5E-06,17433363,FL,SKEMPI2,experimental_ddg
skempi2_1dan_2044,1DAN,T:W40R;T:S42G,"WT40R,ST42G",,True,T:W40R;T:S42G,2,False,"T,U","H,L",1.54057935,False,,310.00,3.17E-11,2.6E-12,7756258,ELFA,SKEMPI2,experimental_ddg
skempi2_1dan_2045,1DAN,T:W40A,WT40A,,True,T:W40A,1,True,"T,U","H,L",1.55971236,False,,310.00,3.27E-11,2.6E-12,7756258,ELFA,SKEMPI2,experimental_ddg
skempi2_1dan_2046,1DAN,T:S42A,ST42A,,True,T:S42A,1,True,"T,U","H,L",-0.13156876,False,,310.00,2.1E-12,2.6E-12,7756258,ELFA,SKEMPI2,experimental_ddg
skempi2_1dan_2047,1DAN,T:V28A,VT28A,,True,T:V28A,1,True,"T,U","H,L",-0.19322351,False,,310.00,1.9E-12,2.6E-12,7756258,ELFA,SKEMPI2,experimental_ddg
skempi2_1dan_2048,1DAN,T:Y46A,YT46A,,True,T:Y46A,1,True,"T,U","H,L",-0.13156876,False,,310.00,2.1E-12,2.6E-12,7756258,ELFA,SKEMPI2,experimental_ddg
skempi2_1dan_2049,1DAN,T:F71A,FT71A,,True,T:F71A,1,True,"T,U","H,L",1.14943651,False,,310.00,1.68E-11,2.6E-12,7756258,ELFA,SKEMPI2,experimental_ddg
skempi2_1dan_2050,1DAN,T:Y73A,YT73A,,True,T:Y73A,1,True,"T,U","H,L",0.65262051,False,,310.00,7.5E-12,2.6E-12,7756258,ELFA,SKEMPI2,experimental_ddg
skempi2_1dan_2051,1DAN,U:P2A,PU2A,,True,U:P2A,1,True,"T,U","H,L",-0.19322351,False,,310.00,1.9E-12,2.6E-12,7756258,ELFA,SKEMPI2,experimental_ddg
skempi2_1dan_2052,1DAN,U:Y4A,YU4A,,True,U:Y4A,1,True,"T,U","H,L",0.32409088,False,,310.00,4.4E-12,2.6E-12,7756258,ELFA,SKEMPI2,experimental_ddg
skempi2_1dan_2053,1DAN,T:V31A,VT31A,,True,T:V31A,1,True,"T,U","H,L",-0.13156876,False,,310.00,2.1E-12,2.6E-12,7756258,ELFA,SKEMPI2,experimental_ddg
skempi2_1dan_2054,1DAN,T:Q32A,QT32A,,True,T:Q32A,1,True,"T,U","H,L",0.75805354,False,,310.00,8.9E-12,2.6E-12,7756258,ELFA,SKEMPI2,experimental_ddg
skempi2_1dan_2055,1DAN,T:I33A,IT33A,,True,T:I33A,1,True,"T,U","H,L",-0.13156876,False,,310.00,2.1E-12,2.6E-12,7756258,ELFA,SKEMPI2,experimental_ddg
skempi2_1dan_2056,1DAN,T:G38A,GT38A,,True,T:G38A,1,True,"T,U","H,L",0.06727040,False,,310.00,2.9E-12,2.6E-12,7756258,ELFA,SKEMPI2,experimental_ddg
skempi2_1dan_2057,1DAN,T:K43A,KT43A,,True,T:K43A,1,True,"T,U","H,L",0.95736988,False,,310.00,1.23E-11,2.6E-12,7756258,ELFA,SKEMPI2,experimental_ddg
skempi2_1dan_2058,1DAN,T:C44S;T:C52S,"CT44S,CT52S",,True,T:C44S;T:C52S,2,False,"T,U","H,L",-0.33884687,False,,310.00,1.5E-12,2.6E-12,7756258,ELFA,SKEMPI2,experimental_ddg
skempi2_1dan_2059,1DAN,T:T55A,TT55A,,True,T:T55A,1,True,"T,U","H,L",2.31260064,False,,310.00,1.11E-10,2.6E-12,7756258,ELFA,SKEMPI2,experimental_ddg
skempi2_1dan_2060,1DAN,T:T55A;U:F50A,"TT55A,FU50A",,True,T:T55A;U:F50A,2,False,"T,U","H,L",4.49723851,False,,310.00,3.85E-09,2.6E-12,7756258,ELFA,SKEMPI2,experimental_ddg
skempi2_1dan_2061,1DAN,T:T55A;T:K15A,"TT55A,KT15A",,True,T:K15A;T:T55A,2,False,"T,U","H,L",3.17624063,False,,310.00,4.51E-10,2.6E-12,7756258,ELFA,SKEMPI2,experimental_ddg
skempi2_1dan_2062,1DAN,T:D39A,DT39A,,True,T:D39A,1,True,"T,U","H,L",1.43483531,False,,310.00,2.67E-11,2.6E-12,7756258,ELFA,SKEMPI2,experimental_ddg
skempi2_1dan_2063,1DAN,T:D39A;T:W40A,"DT39A,WT40A",,True,T:D39A;T:W40A,2,False,"T,U","H,L",1.56720222,False,,310.00,3.31E-11,2.6E-12,7756258,ELFA,SKEMPI2,experimental_ddg
skempi2_1dan_2064,1DAN,T:D39A;U:F50A,"DT39A,FU50A",,True,T:D39A;U:F50A,2,False,"T,U","H,L",3.29961206,False,,310.00,5.51E-10,2.6E-12,7756258,ELFA,SKEMPI2,experimental_ddg
skempi2_1dan_2065,1DAN,T:D39A;T:K15A,"DT39A,KT15A",,True,T:K15A;T:D39A,2,False,"T,U","H,L",4.15529034,False,,310.00,2.21E-09,2.6E-12,7756258,ELFA,SKEMPI2,experimental_ddg
skempi2_1dan_2066,1DAN,T:D39A;T:D53A,"DT39A,DT53A",,True,T:D39A;T:D53A,2,False,"T,U","H,L",4.01152250,False,,310.00,1.75E-09,2.6E-12,7756258,ELFA,SKEMPI2,experimental_ddg
skempi2_1dan_2067,1DAN,T:D39A;T:T55A,"DT39A,TT55A",,True,T:D39A;T:T55A,2,False,"T,U","H,L",4.32479842,False,,310.00,2.91E-09,2.6E-12,7756258,ELFA,SKEMPI2,experimental_ddg
skempi2_1dan_2068,1DAN,T:D39A;T:K15A;U:F50A,"DT39A,KT15A,FU50A",,True,T:K15A;T:D39A;U:F50A,3,False,"T,U","H,L",5.96341445,False,,310.00,4.16E-08,2.6E-12,7756258,ELFA,SKEMPI2,experimental_ddg
skempi2_1dan_2073,1DAN,T:K15A,KT15A,,True,T:K15A,1,True,"T,U","H,L",2.43751124,False,,298.00,3.25E-07,5.3E-09,7947809,ELISA,SKEMPI2,experimental_ddg
skempi2_1dan_2074,1DAN,T:D39A,DT39A,,True,T:D39A,1,True,"T,U","H,L",2.14404821,False,,298.00,1.98E-07,5.3E-09,7947809,ELISA,SKEMPI2,experimental_ddg
skempi2_1dan_2075,1DAN,T:W40A,WT40A,,True,T:W40A,1,True,"T,U","H,L",2.37003495,False,,298.00,2.9E-07,5.3E-09,7947809,ELISA,SKEMPI2,experimental_ddg
skempi2_1dan_2076,1DAN,T:K41A,KT41A,,True,T:K41A,1,True,"T,U","H,L",0.89440767,False,,298.00,2.4E-08,5.3E-09,7947809,ELISA,SKEMPI2,experimental_ddg
skempi2_1dan_2077,1DAN,U:Q20A,QU20A,,True,U:Q20A,1,True,"T,U","H,L",1.30488033,False,,298.00,4.8E-08,5.3E-09,7947809,ELISA,SKEMPI2,experimental_ddg
skempi2_1dan_2078,1DAN,U:R45A,RU45A,,True,U:R45A,1,True,"T,U","H,L",0.98569368,False,,298.00,2.8E-08,5.3E-09,7947809,ELISA,SKEMPI2,experimental_ddg
skempi2_1dan_2079,1DAN,U:F50A,FU50A,,True,U:F50A,1,True,"T,U","H,L",2.21446204,False,,298.00,2.23E-07,5.3E-09,7947809,ELISA,SKEMPI2,experimental_ddg
skempi2_1dan_2080,1DAN,U:V113A,VU113A,,True,U:V113A,1,True,"T,U","H,L",1.56916569,False,,298.00,7.5E-08,5.3E-09,7947809,ELISA,SKEMPI2,experimental_ddg
skempi2_1dan_2081,1DAN,T:S11A,ST11A,,True,T:S11A,1,True,"T,U","H,L",-0.12974862,False,,298.00,6.94E-09,8.64E-09,8312277,ELISA,SKEMPI2,experimental_ddg
skempi2_1dan_2082,1DAN,T:L54A,LT54A,,True,T:L54A,1,True,"T,U","H,L",0.00000000,False,,298.00,8.64E-09,8.64E-09,8312277,ELISA,SKEMPI2,experimental_ddg
skempi2_1dan_2083,1DAN,T:D56A,DT56A,,True,T:D56A,1,True,"T,U","H,L",0.24193604,False,,298.00,1.3E-08,8.64E-09,8312277,ELISA,SKEMPI2,experimental_ddg
skempi2_1dan_2084,1DAN,T:E57A,ET57A,,True,T:E57A,1,True,"T,U","H,L",0.00000000,False,,298.00,8.64E-09,8.64E-09,8312277,ELISA,SKEMPI2,experimental_ddg
skempi2_1dan_2085,1DAN,T:I58A,IT58A,,True,T:I58A,1,True,"T,U","H,L",0.00000000,False,,298.00,8.64E-09,8.64E-09,8312277,ELISA,SKEMPI2,experimental_ddg
skempi2_1dan_2086,1DAN,T:V59A,VT59A,,True,T:V59A,1,True,"T,U","H,L",0.00000000,False,,298.00,8.64E-09,8.64E-09,8312277,ELISA,SKEMPI2,experimental_ddg
skempi2_1dan_2087,1DAN,T:Q64A,QT64A,,True,T:Q64A,1,True,"T,U","H,L",0.00000000,False,,298.00,8.64E-09,8.64E-09,8312277,ELISA,SKEMPI2,experimental_ddg
skempi2_1dan_2088,1DAN,T:L67A,LT67A,,True,T:L67A,1,True,"T,U","H,L",-0.05980946,False,,298.00,7.81E-09,8.64E-09,8312277,ELISA,SKEMPI2,experimental_ddg
skempi2_1dan_2089,1DAN,U:E15A,EU15A,,True,U:E15A,1,True,"T,U","H,L",-0.05980946,False,,298.00,7.81E-09,8.64E-09,8312277,ELISA,SKEMPI2,experimental_ddg
skempi2_1dan_2090,1DAN,U:T16A,TU16A,,True,U:T16A,1,True,"T,U","H,L",-0.05980946,False,,298.00,7.81E-09,8.64E-09,8312277,ELISA,SKEMPI2,experimental_ddg
skempi2_1dan_2091,1DAN,U:N17A,NU17A,,True,U:N17A,1,True,"T,U","H,L",0.00000000,False,,298.00,8.64E-09,8.64E-09,8312277,ELISA,SKEMPI2,experimental_ddg
skempi2_1dan_2092,1DAN,U:R41A,RU41A,,True,U:R41A,1,True,"T,U","H,L",0.00000000,False,,298.00,8.64E-09,8.64E-09,8312277,ELISA,SKEMPI2,experimental_ddg
skempi2_1dan_2093,1DAN,U:T42A,TU42A,,True,U:T42A,1,True,"T,U","H,L",0.00000000,False,,298.00,8.64E-09,8.64E-09,8312277,ELISA,SKEMPI2,experimental_ddg
skempi2_1dan_2094,1DAN,U:R46A,RU46A,,True,U:R46A,1,True,"T,U","H,L",-0.05980946,False,,298.00,7.81E-09,8.64E-09,8312277,ELISA,SKEMPI2,experimental_ddg
skempi2_1dan_2095,1DAN,U:N48A,NU48A,,True,U:N48A,1,True,"T,U","H,L",0.00000000,False,,298.00,8.64E-09,8.64E-09,8312277,ELISA,SKEMPI2,experimental_ddg
skempi2_1dan_2096,1DAN,U:V56A,VU56A,,True,U:V56A,1,True,"T,U","H,L",0.19945024,False,,298.00,1.21E-08,8.64E-09,8312277,ELISA,SKEMPI2,experimental_ddg
skempi2_1dan_2097,1DAN,U:F57A,FU57A,,True,U:F57A,1,True,"T,U","H,L",-0.05980946,False,,298.00,7.81E-09,8.64E-09,8312277,ELISA,SKEMPI2,experimental_ddg
skempi2_1dan_2098,1DAN,U:Y67A,YU67A,,True,U:Y67A,1,True,"T,U","H,L",0.00000000,False,,298.00,8.64E-09,8.64E-09,8312277,ELISA,SKEMPI2,experimental_ddg
skempi2_1dan_2099,1DAN,U:V85A,VU85A,,True,U:V85A,1,True,"T,U","H,L",0.10979335,False,,298.00,1.04E-08,8.64E-09,8312277,ELISA,SKEMPI2,experimental_ddg
skempi2_1dan_2100,1DAN,U:R102A,RU102A,,True,U:R102A,1,True,"T,U","H,L",0.46039822,False,,298.00,1.88E-08,8.64E-09,8312277,ELISA,SKEMPI2,experimental_ddg
skempi2_1dan_2101,1DAN,U:T103A,TU103A,,True,U:T103A,1,True,"T,U","H,L",0.10979335,False,,298.00,1.04E-08,8.64E-09,8312277,ELISA,SKEMPI2,experimental_ddg
skempi2_1dan_2102,1DAN,U:V104A,VU104A,,True,U:V104A,1,True,"T,U","H,L",0.10979335,False,,298.00,1.04E-08,8.64E-09,8312277,ELISA,SKEMPI2,experimental_ddg
skempi2_1dan_2103,1DAN,U:N105A,NU105A,,True,U:N105A,1,True,"T,U","H,L",0.00000000,False,,298.00,8.64E-09,8.64E-09,8312277,ELISA,SKEMPI2,experimental_ddg
skempi2_1dan_3056,1DAN,U:E114A,EU114A,,True,U:E114A,1,True,"T,U","H,L",-0.00482633,False,,298.00,6.11E-09,6.16E-09,7654692,SPR,SKEMPI2,experimental_ddg
skempi2_1dan_3057,1DAN,U:V113A,VU113A,,True,U:V113A,1,True,"T,U","H,L",-0.18858412,False,,298.00,4.48E-09,6.16E-09,7654692,SPR,SKEMPI2,experimental_ddg
skempi2_1dan_3058,1DAN,U:T109A,TU109A,,True,U:T109A,1,True,"T,U","H,L",0.13521101,False,,298.00,7.74E-09,6.16E-09,7654692,SPR,SKEMPI2,experimental_ddg
skempi2_1dan_3059,1DAN,U:K107A;U:D110A,"KU107A,DU110A",,True,U:K107A;U:D110A,2,False,"T,U","H,L",0.04264846,False,,298.00,6.62E-09,6.16E-09,7654692,SPR,SKEMPI2,experimental_ddg
skempi2_1dan_3060,1DAN,U:N105A;U:R106A,"NU105A,RU106A",,True,U:N105A;U:R106A,2,False,"T,U","H,L",0.39980234,False,,298.00,1.21E-08,6.16E-09,7654692,SPR,SKEMPI2,experimental_ddg
skempi2_1dan_3061,1DAN,U:T103A;U:V104A,"TU103A,VU104A",,True,U:T103A;U:V104A,2,False,"T,U","H,L",-0.14896245,False,,298.00,4.79E-09,6.16E-09,7654692,SPR,SKEMPI2,experimental_ddg
skempi2_1dan_3062,1DAN,U:S101A,SU101A,,True,U:S101A,1,True,"T,U","H,L",-0.00289107,False,,298.00,6.13E-09,6.16E-09,7654692,SPR,SKEMPI2,experimental_ddg
skempi2_1dan_3063,1DAN,U:S101A;U:R102A,"SU101A,RU102A",,True,U:S101A;U:R102A,2,False,"T,U","H,L",0.63827983,False,,298.00,1.81E-08,6.16E-09,7654692,SPR,SKEMPI2,experimental_ddg
skempi2_1dan_3064,1DAN,U:Y91A,YU91A,,True,U:Y91A,1,True,"T,U","H,L",-0.32971716,False,,298.00,3.53E-09,6.16E-09,7654692,SPR,SKEMPI2,experimental_ddg
skempi2_1dan_3065,1DAN,U:E89A;U:N90A,"EU89A,NU90A",,True,U:E89A;U:N90A,2,False,"T,U","H,L",-0.09353340,False,,298.00,5.26E-09,6.16E-09,7654692,SPR,SKEMPI2,experimental_ddg
skempi2_1dan_3066,1DAN,U:K87A,KU87A,,True,U:K87A,1,True,"T,U","H,L",0.01705616,False,,298.00,6.34E-09,6.16E-09,7654692,SPR,SKEMPI2,experimental_ddg
skempi2_1dan_3067,1DAN,U:L82A,LU82A,,True,U:L82A,1,True,"T,U","H,L",0.07991611,False,,298.00,7.05E-09,6.16E-09,7654692,SPR,SKEMPI2,experimental_ddg
skempi2_1dan_3068,1DAN,U:N79A;U:E80A,"NU79A,EU80A",,True,U:N79A;U:E80A,2,False,"T,U","H,L",-0.02453486,False,,298.00,5.91E-09,6.16E-09,7654692,SPR,SKEMPI2,experimental_ddg
skempi2_1dan_3069,1DAN,U:T78A,TU78A,,True,U:T78A,1,True,"T,U","H,L",-0.02553772,False,,298.00,5.9E-09,6.16E-09,7654692,SPR,SKEMPI2,experimental_ddg
skempi2_1dan_3070,1DAN,U:K75A,KU75A,,True,U:K75A,1,True,"T,U","H,L",0.11655792,False,,298.00,7.5E-09,6.16E-09,7654692,SPR,SKEMPI2,experimental_ddg
skempi2_1dan_3071,1DAN,U:T73A,TU73A,,True,U:T73A,1,True,"T,U","H,L",0.21189078,False,,298.00,8.81E-09,6.16E-09,7654692,SPR,SKEMPI2,experimental_ddg
skempi2_1dan_3072,1DAN,U:K71A;U:K72A,"KU71A,KU72A",,True,U:K71A;U:K72A,2,False,"T,U","H,L",-0.23963064,False,,298.00,4.11E-09,6.16E-09,7654692,SPR,SKEMPI2,experimental_ddg
skempi2_1dan_3073,1DAN,U:G70R,GU70R,,True,U:G70R,1,True,"T,U","H,L",-0.16272032,False,,298.00,4.68E-09,6.16E-09,7654692,SPR,SKEMPI2,experimental_ddg
skempi2_1dan_3074,1DAN,U:S69A,SU69A,,True,U:S69A,1,True,"T,U","H,L",0.02263410,False,,298.00,6.4E-09,6.16E-09,7654692,SPR,SKEMPI2,experimental_ddg
skempi2_1dan_3075,1DAN,U:W68F,WU68F,,True,U:W68F,1,True,"T,U","H,L",0.12284113,False,,298.00,7.58E-09,6.16E-09,7654692,SPR,SKEMPI2,experimental_ddg
skempi2_1dan_3076,1DAN,U:Y66L,YU66L,,True,U:Y66L,1,True,"T,U","H,L",0.15477678,False,,298.00,8E-09,6.16E-09,7654692,SPR,SKEMPI2,experimental_ddg
skempi2_1dan_3077,1DAN,U:I62A,IU62A,,True,U:I62A,1,True,"T,U","H,L",0.17871411,False,,298.00,8.33E-09,6.16E-09,7654692,SPR,SKEMPI2,experimental_ddg
skempi2_1dan_3078,1DAN,U:K59A;U:D60A,"KU59A,DU60A",,True,U:K59A;U:D60A,2,False,"T,U","H,L",-0.10146712,False,,298.00,5.19E-09,6.16E-09,7654692,SPR,SKEMPI2,experimental_ddg
skempi2_1dan_3079,1DAN,U:D55A,DU55A,,True,U:D55A,1,True,"T,U","H,L",-0.01067032,False,,298.00,6.05E-09,6.16E-09,7654692,SPR,SKEMPI2,experimental_ddg
skempi2_1dan_3080,1DAN,U:R54A,RU54A,,True,U:R54A,1,True,"T,U","H,L",-0.00289107,False,,298.00,6.13E-09,6.16E-09,7654692,SPR,SKEMPI2,experimental_ddg
skempi2_1dan_3081,1DAN,U:F50A,FU50A,,True,U:F50A,1,True,"T,U","H,L",1.28117988,False,,298.00,5.36E-08,6.16E-09,7654692,SPR,SKEMPI2,experimental_ddg
skempi2_1dan_3082,1DAN,U:T49A,TU49A,,True,U:T49A,1,True,"T,U","H,L",-0.01558476,False,,298.00,6E-09,6.16E-09,7654692,SPR,SKEMPI2,experimental_ddg
skempi2_1dan_3083,1DAN,U:R46A;U:N47A;U:N48A,"RU46A,NU47A,NU48A",,True,U:R46A;U:N47A;U:N48A,3,False,"T,U","H,L",0.20648881,False,,298.00,8.73E-09,6.16E-09,7654692,SPR,SKEMPI2,experimental_ddg
skempi2_1dan_3084,1DAN,U:R45A,RU45A,,True,U:R45A,1,True,"T,U","H,L",0.51908164,False,,298.00,1.48E-08,6.16E-09,7654692,SPR,SKEMPI2,experimental_ddg
skempi2_1dan_3085,1DAN,U:L43A,LU43A,,True,U:L43A,1,True,"T,U","H,L",-0.02754854,False,,298.00,5.88E-09,6.16E-09,7654692,SPR,SKEMPI2,experimental_ddg
skempi2_1dan_3086,1DAN,U:E40A;U:R41F,"EU40A,RU41F",,True,U:E40A;U:R41F,2,False,"T,U","H,L",-0.02153644,False,,298.00,5.94E-09,6.16E-09,7654692,SPR,SKEMPI2,experimental_ddg
skempi2_1dan_3087,1DAN,U:D39A,DU39A,,True,U:D39A,1,True,"T,U","H,L",-0.02654228,False,,298.00,5.89E-09,6.16E-09,7654692,SPR,SKEMPI2,experimental_ddg
skempi2_1dan_3088,1DAN,U:E38A,EU38A,,True,U:E38A,1,True,"T,U","H,L",0.08576699,False,,298.00,7.12E-09,6.16E-09,7654692,SPR,SKEMPI2,experimental_ddg
skempi2_1dan_3089,1DAN,U:K32A,KU32A,,True,U:K32A,1,True,"T,U","H,L",-0.12355320,False,,298.00,5E-09,6.16E-09,7654692,SPR,SKEMPI2,experimental_ddg
skempi2_1dan_3090,1DAN,U:Q24A;U:E27A,"QU24A,EU27A",,True,U:Q24A;U:E27A,2,False,"T,U","H,L",0.03363479,False,,298.00,6.52E-09,6.16E-09,7654692,SPR,SKEMPI2,experimental_ddg
skempi2_1dan_3091,1DAN,U:N17A;U:Q20A,"NU17A,QU20A",,True,U:N17A;U:Q20A,2,False,"T,U","H,L",0.41430560,False,,298.00,1.24E-08,6.16E-09,7654692,SPR,SKEMPI2,experimental_ddg
skempi2_1dan_3092,1DAN,U:L14A;U:E15A,"LU14A,EU15A",,True,U:L14A;U:E15A,2,False,"T,U","H,L",-0.46269922,False,,298.00,2.82E-09,6.16E-09,7654692,SPR,SKEMPI2,experimental_ddg
skempi2_1dan_3093,1DAN,U:E9A,EU9A,,True,U:E9A,1,True,"T,U","H,L",-0.17551103,False,,298.00,4.58E-09,6.16E-09,7654692,SPR,SKEMPI2,experimental_ddg
skempi2_1dan_3094,1DAN,U:Y4A,YU4A,,True,U:Y4A,1,True,"T,U","H,L",1.02369148,False,,298.00,3.47E-08,6.16E-09,7654692,SPR,SKEMPI2,experimental_ddg
skempi2_1dan_3095,1DAN,T:K63A,KT63A,,True,T:K63A,1,True,"T,U","H,L",-0.07035071,False,,298.00,5.47E-09,6.16E-09,7654692,SPR,SKEMPI2,experimental_ddg
skempi2_1dan_3096,1DAN,T:K63A;T:Q64A,"KT63A,QT64A",,True,T:K63A;T:Q64A,2,False,"T,U","H,L",-0.20602236,False,,298.00,4.35E-09,6.16E-09,7654692,SPR,SKEMPI2,experimental_ddg
skempi2_1dan_3097,1DAN,T:K60A;T:D61A,"KT60A,DT61A",,True,T:K60A;T:D61A,2,False,"T,U","H,L",-0.50400606,False,,298.00,2.63E-09,6.16E-09,7654692,SPR,SKEMPI2,experimental_ddg
skempi2_1dan_3098,1DAN,T:D56A;T:E57A,"DT56A,ET57A",,True,T:D56A;T:E57A,2,False,"T,U","H,L",0.30442380,False,,298.00,1.03E-08,6.16E-09,7654692,SPR,SKEMPI2,experimental_ddg
skempi2_1dan_3099,1DAN,T:D53E,DT53E,,True,T:D53E,1,True,"T,U","H,L",1.37968203,False,,298.00,6.33E-08,6.16E-09,7654692,SPR,SKEMPI2,experimental_ddg
skempi2_1dan_3100,1DAN,T:D53A,DT53A,,True,T:D53A,1,True,"T,U","H,L",1.98860671,False,,298.00,1.77E-07,6.16E-09,7654692,SPR,SKEMPI2,experimental_ddg
skempi2_1dan_3101,1DAN,T:D49A;T:E51A,"DT49A,ET51A",,True,T:D49A;T:E51A,2,False,"T,U","H,L",0.43310676,False,,298.00,1.28E-08,6.16E-09,7654692,SPR,SKEMPI2,experimental_ddg
skempi2_1dan_3102,1DAN,T:T47A,TT47A,,True,T:T47A,1,True,"T,U","H,L",0.40467633,False,,298.00,1.22E-08,6.16E-09,7654692,SPR,SKEMPI2,experimental_ddg
skempi2_1dan_3103,1DAN,T:F45A,FT45A,,True,T:F45A,1,True,"T,U","H,L",0.43771524,False,,298.00,1.29E-08,6.16E-09,7654692,SPR,SKEMPI2,experimental_ddg
skempi2_1dan_3104,1DAN,T:K43A,KT43A,,True,T:K43A,1,True,"T,U","H,L",0.41430560,False,,298.00,1.24E-08,6.16E-09,7654692,SPR,SKEMPI2,experimental_ddg
skempi2_1dan_3105,1DAN,T:S42A,ST42A,,True,T:S42A,1,True,"T,U","H,L",0.04354233,False,,298.00,6.63E-09,6.16E-09,7654692,SPR,SKEMPI2,experimental_ddg
skempi2_1dan_3106,1DAN,T:K41A,KT41A,,True,T:K41A,1,True,"T,U","H,L",0.23172031,False,,298.00,9.11E-09,6.16E-09,7654692,SPR,SKEMPI2,experimental_ddg
skempi2_1dan_3107,1DAN,T:K41A;T:K43A,"KT41A,KT43A",,True,T:K41A;T:K43A,2,False,"T,U","H,L",1.13534602,False,,298.00,4.19E-08,6.16E-09,7654692,SPR,SKEMPI2,experimental_ddg
skempi2_1dan_3108,1DAN,T:W40F,WT40F,,True,T:W40F,1,True,"T,U","H,L",1.27002726,False,,298.00,5.26E-08,6.16E-09,7654692,SPR,SKEMPI2,experimental_ddg
skempi2_1dan_3109,1DAN,T:D39A,DT39A,,True,T:D39A,1,True,"T,U","H,L",0.73468497,False,,298.00,2.13E-08,6.16E-09,7654692,SPR,SKEMPI2,experimental_ddg
skempi2_1dan_3110,1DAN,T:S37A,ST37A,,True,T:S37A,1,True,"T,U","H,L",-0.06926909,False,,298.00,5.48E-09,6.16E-09,7654692,SPR,SKEMPI2,experimental_ddg
skempi2_1dan_3111,1DAN,T:K36A,KT36A,,True,T:K36A,1,True,"T,U","H,L",0.32142554,False,,298.00,1.06E-08,6.16E-09,7654692,SPR,SKEMPI2,experimental_ddg
skempi2_1dan_3112,1DAN,T:K36A;T:D39A,"KT36A,DT39A",,True,T:K36A;T:D39A,2,False,"T,U","H,L",1.57072741,False,,298.00,8.74E-08,6.16E-09,7654692,SPR,SKEMPI2,experimental_ddg
skempi2_1dan_3113,1DAN,T:Q32A,QT32A,,True,T:Q32A,1,True,"T,U","H,L",0.54644828,False,,298.00,1.55E-08,6.16E-09,7654692,SPR,SKEMPI2,experimental_ddg
skempi2_1dan_3114,1DAN,T:K23A,KT23A,,True,T:K23A,1,True,"T,U","H,L",0.11655792,False,,298.00,7.5E-09,6.16E-09,7654692,SPR,SKEMPI2,experimental_ddg
skempi2_1dan_3115,1DAN,T:E21A,ET21A,,True,T:E21A,1,True,"T,U","H,L",0.10136255,False,,298.00,7.31E-09,6.16E-09,7654692,SPR,SKEMPI2,experimental_ddg
skempi2_1dan_3116,1DAN,T:W20F,WT20F,,True,T:W20F,1,True,"T,U","H,L",0.61492295,False,,298.00,1.74E-08,6.16E-09,7654692,SPR,SKEMPI2,experimental_ddg
skempi2_1dan_3117,1DAN,T:E19A,ET19A,,True,T:E19A,1,True,"T,U","H,L",0.65759198,False,,298.00,1.87E-08,6.16E-09,7654692,SPR,SKEMPI2,experimental_ddg
skempi2_1dan_3118,1DAN,T:I17A,IT17A,,True,T:I17A,1,True,"T,U","H,L",0.64478744,False,,298.00,1.83E-08,6.16E-09,7654692,SPR,SKEMPI2,experimental_ddg
skempi2_1dan_3119,1DAN,T:T16A,TT16A,,True,T:T16A,1,True,"T,U","H,L",-0.15893636,False,,298.00,4.71E-09,6.16E-09,7654692,SPR,SKEMPI2,experimental_ddg
skempi2_1dan_3120,1DAN,T:K15R,KT15R,,True,T:K15R,1,True,"T,U","H,L",1.68498620,False,,298.00,1.06E-07,6.16E-09,7654692,SPR,SKEMPI2,experimental_ddg
skempi2_1dan_3121,1DAN,T:K15A,KT15A,,True,T:K15A,1,True,"T,U","H,L",2.58675032,False,,298.00,4.86E-07,6.16E-09,7654692,SPR,SKEMPI2,experimental_ddg
skempi2_1dan_3122,1DAN,T:N13A,NT13A,,True,T:N13A,1,True,"T,U","H,L",0.18013422,False,,298.00,8.35E-09,6.16E-09,7654692,SPR,SKEMPI2,experimental_ddg
skempi2_1dan_3123,1DAN,T:T12A,TT12A,,True,T:T12A,1,True,"T,U","H,L",0.12049273,False,,298.00,7.55E-09,6.16E-09,7654692,SPR,SKEMPI2,experimental_ddg
skempi2_1dan_3124,1DAN,T:K10A,KT10A,,True,T:K10A,1,True,"T,U","H,L",-0.39716453,False,,298.00,3.15E-09,6.16E-09,7654692,SPR,SKEMPI2,experimental_ddg
skempi2_1dan_3125,1DAN,T:W9F,WT9F,,True,T:W9F,1,True,"T,U","H,L",0.69144044,False,,298.00,1.98E-08,6.16E-09,7654692,SPR,SKEMPI2,experimental_ddg
skempi2_1e50_5645,1E50,A:D8A,DA8A,,True,A:D8A,1,True,"A,C,E,G,Q,R","B,D,F,H",-0.40207270,False,,298.00,7.1E-09,1.4E-08,12807883,ESMA,SKEMPI2,experimental_ddg
skempi2_1e50_5646,1E50,A:N11A,NA11A,,True,A:N11A,1,True,"A,C,E,G,Q,R","B,D,F,H",0.67813231,False,,298.00,4.4E-08,1.4E-08,12807883,ESMA,SKEMPI2,experimental_ddg
skempi2_1e50_5647,1E50,A:M48A,MA48A,,True,A:M48A,1,True,"A,C,E,G,Q,R","B,D,F,H",1.31967489,False,,298.00,1.3E-07,1.4E-08,12807883,ESMA,SKEMPI2,experimental_ddg
skempi2_1e50_5648,1E50,A:N51A,NA51A,,True,A:N51A,1,True,"A,C,E,G,Q,R","B,D,F,H",2.43162530,False,,298.00,8.5E-07,1.4E-08,12807883,ESMA,SKEMPI2,experimental_ddg
skempi2_1e50_5649,1E50,A:Y55A,YA55A,,True,A:Y55A,1,True,"A,C,E,G,Q,R","B,D,F,H",0.94456718,False,,298.00,6.9E-08,1.4E-08,12807883,ESMA,SKEMPI2,experimental_ddg
skempi2_1e50_5650,1E50,A:S56A,SA56A,,True,A:S56A,1,True,"A,C,E,G,Q,R","B,D,F,H",0.97793865,False,,298.00,7.3E-08,1.4E-08,12807883,ESMA,SKEMPI2,experimental_ddg
skempi2_1e50_5651,1E50,A:T91A,TA91A,,True,A:T91A,1,True,"A,C,E,G,Q,R","B,D,F,H",1.51238576,False,,298.00,1.8E-07,1.4E-08,12807883,ESMA,SKEMPI2,experimental_ddg
skempi2_1e50_5652,1E50,A:V101A,VA101A,,True,A:V101A,1,True,"A,C,E,G,Q,R","B,D,F,H",-0.04388577,False,,298.00,1.3E-08,1.4E-08,12807883,ESMA,SKEMPI2,experimental_ddg
skempi2_1e50_5653,1E50,A:T103A,TA103A,,True,A:T103A,1,True,"A,C,E,G,Q,R","B,D,F,H",2.18450597,False,,298.00,5.6E-07,1.4E-08,12807883,ESMA,SKEMPI2,experimental_ddg
skempi2_1e50_5658,1E50,A:D8A,DA8A,,True,A:D8A,1,True,"A,C,E,G,Q,R","B,D,F,H",-0.22998801,False,,298.00,1.77E-08,2.61E-08,11257229,ESMA,SKEMPI2,experimental_ddg
skempi2_1e50_5659,1E50,A:N51A,NA51A,,True,A:N51A,1,True,"A,C,E,G,Q,R","B,D,F,H",1.40728434,False,,298.00,2.81E-07,2.61E-08,11257229,ESMA,SKEMPI2,experimental_ddg
skempi2_1e50_5660,1E50,A:D52A;A:E53A,"DA52A,EA53A",,True,A:D52A;A:E53A,2,False,"A,C,E,G,Q,R","B,D,F,H",0.39086585,False,,298.00,5.05E-08,2.61E-08,11257229,ESMA,SKEMPI2,experimental_ddg
skempi2_1e50_5661,1E50,A:Y55A,YA55A,,True,A:Y55A,1,True,"A,C,E,G,Q,R","B,D,F,H",0.88333843,False,,298.00,1.16E-07,2.61E-08,11257229,ESMA,SKEMPI2,experimental_ddg
skempi2_1e50_5662,1E50,A:R84A,RA84A,,True,A:R84A,1,True,"A,C,E,G,Q,R","B,D,F,H",-0.19114216,False,,298.00,1.89E-08,2.61E-08,11257229,ESMA,SKEMPI2,experimental_ddg
skempi2_1e50_5663,1E50,A:K86M,KA86M,,True,A:K86M,1,True,"A,C,E,G,Q,R","B,D,F,H",0.31994247,False,,298.00,4.48E-08,2.61E-08,11257229,ESMA,SKEMPI2,experimental_ddg
skempi2_1e50_5664,1E50,A:T91A,TA91A,,True,A:T91A,1,True,"A,C,E,G,Q,R","B,D,F,H",1.04340081,False,,298.00,1.52E-07,2.61E-08,11257229,ESMA,SKEMPI2,experimental_ddg
skempi2_1emv_0465,1EMV,A:Q15E;A:L16F;A:T18K;A:T19K;A:N22R;A:D24E;A:T25G;A:S26A;A:S27T;A:E30D;A:L31D;A:V32N;A:T36R;A:H37E;A:E40R;A:M41L;A:S46D;A:K55R;A:E56D;A:G57D;A:D58R;A:D59E;A:S63E;A:N67K;A:T68E;A:V69I;A:Q71E,"QA15E,LA16F,TA18K,TA19K,NA22R,DA24E,TA25G,SA26A,SA27T,EA30D,LA31D,VA32N,TA36R,HA37E,EA40R,MA41L,SA46D,KA55R,EA56D,GA57D,DA58R,DA59E,SA63E,NA67K,TA68E,VA69I,QA71E",,True,A:Q15E;A:L16F;A:T18K;A:T19K;A:N22R;A:D24E;A:T25G;A:S26A;A:S27T;A:E30D;A:L31D;A:V32N;A:T36R;A:H37E;A:E40R;A:M41L;A:S46D;A:K55R;A:E56D;A:G57D;A:D58R;A:D59E;A:S63E;A:N67K;A:T68E;A:V69I;A:Q71E,27,False,A,B,8.05488816,False,,298.00,1.47E-08,1.82E-14,9268373,SFFL,SKEMPI2,experimental_ddg
skempi2_1emv_0467,1EMV,A:E30D;A:L31D;A:V32N;A:T36R;A:H37E;A:E40R;A:M41L;A:S46D;A:K55R;A:E56D;A:G57D;A:D58R;A:D59E;A:S63E;A:N67K;A:T68E;A:V69I;A:Q71E,"EA30D,LA31D,VA32N,TA36R,HA37E,EA40R,MA41L,SA46D,KA55R,EA56D,GA57D,DA58R,DA59E,SA63E,NA67K,TA68E,VA69I,QA71E",,True,A:E30D;A:L31D;A:V32N;A:T36R;A:H37E;A:E40R;A:M41L;A:S46D;A:K55R;A:E56D;A:G57D;A:D58R;A:D59E;A:S63E;A:N67K;A:T68E;A:V69I;A:Q71E,18,False,A,B,7.98664735,False,,298.00,1.31E-08,1.82E-14,9268373,SFFL,SKEMPI2,experimental_ddg
skempi2_1emv_0469,1EMV,A:Q15E;A:L16F;A:T18K;A:T19K;A:N22R;A:D24E;A:T25G;A:S26A;A:S27T;A:S63E;A:N67K;A:T68E;A:V69I;A:Q71E,"QA15E,LA16F,TA18K,TA19K,NA22R,DA24E,TA25G,SA26A,SA27T,SA63E,NA67K,TA68E,VA69I,QA71E",,True,A:Q15E;A:L16F;A:T18K;A:T19K;A:N22R;A:D24E;A:T25G;A:S26A;A:S27T;A:S63E;A:N67K;A:T68E;A:V69I;A:Q71E,14,False,A,B,2.85534654,False,,298.00,2.26E-12,1.82E-14,9268373,SFFL,SKEMPI2,experimental_ddg
skempi2_1emv_0471,1EMV,A:Q15E;A:L16F;A:T18K;A:T19K;A:N22R;A:D24E;A:T25G;A:S26A;A:S27T;A:S46D;A:K55R;A:E56D;A:G57D;A:D58R;A:D59E;A:S63E;A:N67K;A:T68E;A:V69I;A:Q71E,"QA15E,LA16F,TA18K,TA19K,NA22R,DA24E,TA25G,SA26A,SA27T,SA46D,KA55R,EA56D,GA57D,DA58R,DA59E,SA63E,NA67K,TA68E,VA69I,QA71E",,True,A:Q15E;A:L16F;A:T18K;A:T19K;A:N22R;A:D24E;A:T25G;A:S26A;A:S27T;A:S46D;A:K55R;A:E56D;A:G57D;A:D58R;A:D59E;A:S63E;A:N67K;A:T68E;A:V69I;A:Q71E,20,False,A,B,1.70326607,False,,298.00,3.23E-13,1.82E-14,9268373,SFFL,SKEMPI2,experimental_ddg
skempi2_1emv_0473,1EMV,A:Q15E;A:L16F;A:T18K;A:T19K;A:N22R;A:S46D;A:K55R;A:E56D;A:G57D;A:D58R;A:D59E;A:S63E;A:N67K;A:T68E;A:V69I;A:Q71E,"QA15E,LA16F,TA18K,TA19K,NA22R,SA46D,KA55R,EA56D,GA57D,DA58R,DA59E,SA63E,NA67K,TA68E,VA69I,QA71E",,True,A:Q15E;A:L16F;A:T18K;A:T19K;A:N22R;A:S46D;A:K55R;A:E56D;A:G57D;A:D58R;A:D59E;A:S63E;A:N67K;A:T68E;A:V69I;A:Q71E,16,False,A,B,1.42236376,False,,298.00,2.01E-13,1.82E-14,9268373,SFFL,SKEMPI2,experimental_ddg
skempi2_1emv_0475,1EMV,A:Q15E;A:L16F;A:S46D;A:K55R;A:E56D;A:G57D;A:D58R;A:D59E;A:S63E;A:N67K;A:T68E;A:V69I;A:Q71E,"QA15E,LA16F,SA46D,KA55R,EA56D,GA57D,DA58R,DA59E,SA63E,NA67K,TA68E,VA69I,QA71E",,True,A:Q15E;A:L16F;A:S46D;A:K55R;A:E56D;A:G57D;A:D58R;A:D59E;A:S63E;A:N67K;A:T68E;A:V69I;A:Q71E,13,False,A,B,-0.20843582,False,,298.00,1.28E-14,1.82E-14,9268373,SFFL,SKEMPI2,experimental_ddg
skempi2_1emv_0477,1EMV,A:S46D;A:K55R;A:E56D;A:G57D;A:D58R;A:D59E;A:S63E;A:N67K;A:T68E;A:V69I;A:Q71E,"SA46D,KA55R,EA56D,GA57D,DA58R,DA59E,SA63E,NA67K,TA68E,VA69I,QA71E",,True,A:S46D;A:K55R;A:E56D;A:G57D;A:D58R;A:D59E;A:S63E;A:N67K;A:T68E;A:V69I;A:Q71E,11,False,A,B,-0.51714101,False,,298.00,7.6E-15,1.82E-14,9268373,SFFL,SKEMPI2,experimental_ddg
skempi2_1emv_0479,1EMV,A:S63E;A:N67K;A:T68E;A:V69I;A:Q71E,"SA63E,NA67K,TA68E,VA69I,QA71E",,True,A:S63E;A:N67K;A:T68E;A:V69I;A:Q71E,5,False,A,B,0.07907554,False,,298.00,2.08E-14,1.82E-14,9268373,SFFL,SKEMPI2,experimental_ddg
skempi2_1emv_0498,1EMV,A:C21A,CA21A,,True,A:C21A,1,True,A,B,0.92155730,False,,298.00,7.68E-14,1.62E-14,9425068,SFFL,SKEMPI2,experimental_ddg
skempi2_1emv_0499,1EMV,A:N22A,NA22A,,True,A:N22A,1,True,A,B,0.13940887,False,,298.00,2.05E-14,1.62E-14,9425068,SFFL,SKEMPI2,experimental_ddg
skempi2_1emv_0500,1EMV,A:D24A,DA24A,,True,A:D24A,1,True,A,B,0.33659634,False,,298.00,2.86E-14,1.62E-14,9425068,SFFL,SKEMPI2,experimental_ddg
skempi2_1emv_0501,1EMV,A:T25A,TA25A,,True,A:T25A,1,True,A,B,0.72813423,False,,298.00,5.54E-14,1.62E-14,9425068,SFFL,SKEMPI2,experimental_ddg
skempi2_1emv_0502,1EMV,A:S26A,SA26A,,True,A:S26A,1,True,A,B,0.17309682,False,,298.00,2.17E-14,1.62E-14,9425068,SFFL,SKEMPI2,experimental_ddg
skempi2_1emv_0503,1EMV,A:S27A,SA27A,,True,A:S27A,1,True,A,B,0.95600518,False,,298.00,8.14E-14,1.62E-14,9425068,SFFL,SKEMPI2,experimental_ddg
skempi2_1emv_0504,1EMV,A:E28A,EA28A,,True,A:E28A,1,True,A,B,1.41600082,False,,298.00,1.77E-13,1.62E-14,9425068,SFFL,SKEMPI2,experimental_ddg
skempi2_1emv_0505,1EMV,A:E29A,EA29A,,True,A:E29A,1,True,A,B,0.30687463,False,,298.00,2.72E-14,1.62E-14,9425068,SFFL,SKEMPI2,experimental_ddg
skempi2_1emv_0506,1EMV,A:E30A,EA30A,,True,A:E30A,1,True,A,B,0.22028711,False,,298.00,2.35E-14,1.62E-14,9425068,SFFL,SKEMPI2,experimental_ddg
skempi2_1emv_0507,1EMV,A:L31A,LA31A,,True,A:L31A,1,True,A,B,3.41774887,False,,298.00,5.2E-12,1.62E-14,9425068,SFFL,SKEMPI2,experimental_ddg
skempi2_1emv_0508,1EMV,A:V32A,VA32A,,True,A:V32A,1,True,A,B,2.57829621,False,,298.00,1.26E-12,1.62E-14,9425068,SFFL,SKEMPI2,experimental_ddg
skempi2_1emv_0509,1EMV,A:K33A,KA33A,,True,A:K33A,1,True,A,B,0.19189799,False,,298.00,2.24E-14,1.62E-14,9425068,SFFL,SKEMPI2,experimental_ddg
skempi2_1emv_0510,1EMV,A:L34A,LA34A,,True,A:L34A,1,True,A,B,0.90672257,False,,298.00,7.49E-14,1.62E-14,9425068,SFFL,SKEMPI2,experimental_ddg
skempi2_1emv_0511,1EMV,A:V35A,VA35A,,True,A:V35A,1,True,A,B,1.66386753,False,,298.00,2.69E-13,1.62E-14,9425068,SFFL,SKEMPI2,experimental_ddg
skempi2_1emv_0512,1EMV,A:T36A,TA36A,,True,A:T36A,1,True,A,B,0.89956374,False,,298.00,7.4E-14,1.62E-14,9425068,SFFL,SKEMPI2,experimental_ddg
skempi2_1emv_0513,1EMV,A:E39A,EA39A,,True,A:E39A,1,True,A,B,2.08308111,False,,298.00,5.46E-13,1.62E-14,9425068,SFFL,SKEMPI2,experimental_ddg
skempi2_1emv_0514,1EMV,A:E40A,EA40A,,True,A:E40A,1,True,A,B,0.65784996,False,,298.00,4.92E-14,1.62E-14,9425068,SFFL,SKEMPI2,experimental_ddg
skempi2_1emv_0515,1EMV,A:T42A,TA42A,,True,A:T42A,1,True,A,B,0.30469346,False,,298.00,2.71E-14,1.62E-14,9425068,SFFL,SKEMPI2,experimental_ddg
skempi2_1emv_0516,1EMV,A:E43A,EA43A,,True,A:E43A,1,True,A,B,0.21267861,False,,298.00,2.32E-14,1.62E-14,9425068,SFFL,SKEMPI2,experimental_ddg
skempi2_1emv_0517,1EMV,A:H44A,HA44A,,True,A:H44A,1,True,A,B,0.83181144,False,,298.00,6.6E-14,1.62E-14,9425068,SFFL,SKEMPI2,experimental_ddg
skempi2_1emv_0518,1EMV,A:P45A,PA45A,,True,A:P45A,1,True,A,B,0.43727302,False,,298.00,3.39E-14,1.62E-14,9425068,SFFL,SKEMPI2,experimental_ddg
skempi2_1emv_0519,1EMV,A:S46A,SA46A,,True,A:S46A,1,True,A,B,0.00726619,False,,298.00,1.64E-14,1.62E-14,9425068,SFFL,SKEMPI2,experimental_ddg
skempi2_1emv_0520,1EMV,A:G47A,GA47A,,True,A:G47A,1,True,A,B,1.48537852,False,,298.00,1.99E-13,1.62E-14,9425068,SFFL,SKEMPI2,experimental_ddg
skempi2_1emv_0521,1EMV,A:S48A,SA48A,,True,A:S48A,1,True,A,B,2.18724125,False,,298.00,6.51E-13,1.62E-14,9425068,SFFL,SKEMPI2,experimental_ddg
skempi2_1emv_0522,1EMV,A:D49A,DA49A,,True,A:D49A,1,True,A,B,5.91548023,False,,298.00,3.53E-10,1.62E-14,9425068,SFFL,SKEMPI2,experimental_ddg
skempi2_1emv_0523,1EMV,A:L50A,LA50A,,True,A:L50A,1,True,A,B,0.60104732,False,,298.00,4.47E-14,1.62E-14,9425068,SFFL,SKEMPI2,experimental_ddg
skempi2_1emv_0524,1EMV,A:I51A,IA51A,,True,A:I51A,1,True,A,B,0.84774568,False,,298.00,6.78E-14,1.62E-14,9425068,SFFL,SKEMPI2,experimental_ddg
skempi2_1emv_0525,1EMV,A:Y52A,YA52A,,True,A:Y52A,1,True,A,B,4.83463692,False,,298.00,5.69E-11,1.62E-14,9425068,SFFL,SKEMPI2,experimental_ddg
skempi2_1emv_0526,1EMV,A:Y53A,YA53A,,True,A:Y53A,1,True,A,B,4.63475770,False,,298.00,4.06E-11,1.62E-14,9425068,SFFL,SKEMPI2,experimental_ddg
skempi2_1emv_0527,1EMV,A:P54A,PA54A,,True,A:P54A,1,True,A,B,1.24228409,False,,298.00,1.32E-13,1.62E-14,9425068,SFFL,SKEMPI2,experimental_ddg
skempi2_1emv_0528,1EMV,A:D58A,DA58A,,True,A:D58A,1,True,A,B,0.51108464,False,,298.00,3.84E-14,1.62E-14,9425068,SFFL,SKEMPI2,experimental_ddg
skempi2_1emv_0529,1EMV,A:S61A,SA61A,,True,A:S61A,1,True,A,B,0.87003030,False,,298.00,7.04E-14,1.62E-14,9425068,SFFL,SKEMPI2,experimental_ddg
skempi2_1emv_0530,1EMV,A:V66A,VA66A,,True,A:V66A,1,True,A,B,1.85584413,False,,298.00,3.72E-13,1.62E-14,9425068,SFFL,SKEMPI2,experimental_ddg
skempi2_1emv_0531,1EMV,A:N67A,NA67A,,True,A:N67A,1,True,A,B,0.27787287,False,,298.00,2.59E-14,1.62E-14,9425068,SFFL,SKEMPI2,experimental_ddg
skempi2_1f47_1882,1F47,A:D4A,DA4A,,True,A:D4A,1,True,A,B,0.69119670,False,,298.00,6.94E-05,2.16E-05,10880432,SPR,SKEMPI2,experimental_ddg
skempi2_1f47_1883,1F47,A:Y5A,YA5A,,True,A:Y5A,1,True,A,B,0.86897790,False,,298.00,9.37E-05,2.16E-05,10880432,SPR,SKEMPI2,experimental_ddg
skempi2_1f47_1884,1F47,A:L6A,LA6A,,True,A:L6A,1,True,A,B,0.92501701,False,,298.00,1.03E-04,2.16E-05,10880432,SPR,SKEMPI2,experimental_ddg
skempi2_1f47_1885,1F47,A:D7A,DA7A,,True,A:D7A,1,True,A,B,1.73288283,False,,298.00,4.03E-04,2.16E-05,10880432,SPR,SKEMPI2,experimental_ddg
skempi2_1f47_1886,1F47,A:I8A,IA8A,,True,A:I8A,1,True,A,B,2.51511926,False,,298.00,1.51E-03,2.16E-05,10880432,SPR,SKEMPI2,experimental_ddg
skempi2_1f47_1887,1F47,A:P9A,PA9A,,True,A:P9A,1,True,A,B,-0.05753910,False,,298.00,1.96E-05,2.16E-05,10880432,SPR,SKEMPI2,experimental_ddg
skempi2_1f47_1888,1F47,A:F11A,FA11A,,True,A:F11A,1,True,A,B,2.44438844,False,,298.00,1.34E-03,2.16E-05,10880432,SPR,SKEMPI2,experimental_ddg
skempi2_1f47_1889,1F47,A:L12A,LA12A,,True,A:L12A,1,True,A,B,2.29429933,False,,298.00,1.04E-03,2.16E-05,10880432,SPR,SKEMPI2,experimental_ddg
skempi2_1f47_1890,1F47,A:K14A,KA14A,,True,A:K14A,1,True,A,B,-0.04262176,False,,298.00,2.01E-05,2.16E-05,10880432,SPR,SKEMPI2,experimental_ddg
skempi2_1f47_1891,1F47,A:Q15A,QA15A,,True,A:Q15A,1,True,A,B,-0.04557532,False,,298.00,2E-05,2.16E-05,10880432,SPR,SKEMPI2,experimental_ddg
skempi2_1f47_1892,1F47,A:D7S,DA7S,,True,A:D7S,1,True,A,B,2.06393735,False,,298.00,6.2E-06,1.9E-07,11278571,FL,SKEMPI2,experimental_ddg
skempi2_1f47_1893,1F47,A:D7G,DA7G,,True,A:D7G,1,True,A,B,1.13883189,False,,298.00,1.3E-06,1.9E-07,11278571,FL,SKEMPI2,experimental_ddg
skempi2_1jtd_6776,1JTD,B:N12A,NB12A,,True,B:N12A,1,True,B,A,1.30116754,False,,298.00,4.32E-12,4.8E-13,23625930,IASP,SKEMPI2,experimental_ddg
skempi2_1jtd_6777,1JTD,B:D14A,DB14A,,True,B:D14A,1,True,B,A,1.50743019,False,,298.00,6.12E-12,4.8E-13,23625930,IASP,SKEMPI2,experimental_ddg
skempi2_1jtd_6778,1JTD,B:W15A,WB15A,,True,B:W15A,1,True,B,A,1.39245355,False,,298.00,5.04E-12,4.8E-13,23625930,IASP,SKEMPI2,experimental_ddg
skempi2_1jtd_6779,1JTD,B:T19A,TB19A,,True,B:T19A,1,True,B,A,0.29505524,False,,298.00,7.9E-13,4.8E-13,23625930,IASP,SKEMPI2,experimental_ddg
skempi2_1jtd_6780,1JTD,B:Y35A,YB35A,,True,B:Y35A,1,True,B,A,3.15040841,False,,298.00,9.81E-11,4.8E-13,23625930,IASP,SKEMPI2,experimental_ddg
skempi2_1jtd_6781,1JTD,B:F36A,FB36A,,True,B:F36A,1,True,B,A,2.55014309,False,,298.00,3.56E-11,4.8E-13,23625930,IASP,SKEMPI2,experimental_ddg
skempi2_1jtd_6782,1JTD,B:L53A,LB53A,,True,B:L53A,1,True,B,A,0.66680908,False,,298.00,1.48E-12,4.8E-13,23625930,IASP,SKEMPI2,experimental_ddg
skempi2_1jtd_6783,1JTD,B:N74A,NB74A,,True,B:N74A,1,True,B,A,1.20942442,False,,298.00,3.7E-12,4.8E-13,23625930,IASP,SKEMPI2,experimental_ddg
skempi2_1jtd_6784,1JTD,B:Y75A,YB75A,,True,B:Y75A,1,True,B,A,0.48022223,False,,298.00,1.08E-12,4.8E-13,23625930,IASP,SKEMPI2,experimental_ddg
skempi2_1jtd_6785,1JTD,B:D93A,DB93A,,True,B:D93A,1,True,B,A,1.98894118,False,,298.00,1.38E-11,4.8E-13,23625930,IASP,SKEMPI2,experimental_ddg
skempi2_1jtd_6786,1JTD,B:W114A,WB114A,,True,B:W114A,1,True,B,A,3.25474378,False,,298.00,1.17E-10,4.8E-13,23625930,IASP,SKEMPI2,experimental_ddg
skempi2_1jtd_6787,1JTD,B:D129A,DB129A,,True,B:D129A,1,True,B,A,0.96044445,False,,298.00,2.43E-12,4.8E-13,23625930,IASP,SKEMPI2,experimental_ddg
skempi2_1jtd_6788,1JTD,B:S131A,SB131A,,True,B:S131A,1,True,B,A,0.15156038,False,,298.00,6.2E-13,4.8E-13,23625930,IASP,SKEMPI2,experimental_ddg
skempi2_1jtd_6789,1JTD,B:D132A,DB132A,,True,B:D132A,1,True,B,A,-0.54881631,False,,298.00,1.9E-13,4.8E-13,23625930,IASP,SKEMPI2,experimental_ddg
skempi2_1jtd_6790,1JTD,B:Y153A,YB153A,,True,B:Y153A,1,True,B,A,3.29862955,False,,298.00,1.26E-10,4.8E-13,23625930,IASP,SKEMPI2,experimental_ddg
skempi2_1jtd_6791,1JTD,B:D168A,DB168A,,True,B:D168A,1,True,B,A,-1.06105643,False,,298.00,8E-14,4.8E-13,23625930,IASP,SKEMPI2,experimental_ddg
skempi2_1jtd_6792,1JTD,B:Y170A,YB170A,,True,B:Y170A,1,True,B,A,2.02635490,False,,298.00,1.47E-11,4.8E-13,23625930,IASP,SKEMPI2,experimental_ddg
skempi2_1jtd_6793,1JTD,B:F171A,FB171A,,True,B:F171A,1,True,B,A,2.19973012,False,,298.00,1.97E-11,4.8E-13,23625930,IASP,SKEMPI2,experimental_ddg
skempi2_1jtd_6794,1JTD,B:I191A,IB191A,,True,B:I191A,1,True,B,A,2.88909612,False,,298.00,6.31E-11,4.8E-13,23625930,IASP,SKEMPI2,experimental_ddg
skempi2_1jtd_6795,1JTD,B:F192A,FB192A,,True,B:F192A,1,True,B,A,3.96007944,False,,298.00,3.85E-10,4.8E-13,23625930,IASP,SKEMPI2,experimental_ddg
skempi2_1jtd_6796,1JTD,B:Y210A,YB210A,,True,B:Y210A,1,True,B,A,0.82402162,False,,298.00,1.93E-12,4.8E-13,23625930,IASP,SKEMPI2,experimental_ddg
skempi2_1jtd_6797,1JTD,B:E230A,EB230A,,True,B:E230A,1,True,B,A,1.84924086,False,,298.00,1.09E-11,4.8E-13,23625930,IASP,SKEMPI2,experimental_ddg
skempi2_1jtd_6798,1JTD,B:W231A,WB231A,,True,B:W231A,1,True,B,A,5.80913682,False,,298.00,8.74E-09,4.8E-13,23625930,IASP,SKEMPI2,experimental_ddg
skempi2_1jtd_6799,1JTD,B:R248A,RB248A,,True,B:R248A,1,True,B,A,0.88794691,False,,298.00,2.15E-12,4.8E-13,23625930,IASP,SKEMPI2,experimental_ddg
skempi2_1jtd_6800,1JTD,B:N266A,NB266A,,True,B:N266A,1,True,B,A,2.66882639,False,,298.00,4.35E-11,4.8E-13,23625930,IASP,SKEMPI2,experimental_ddg
skempi2_3qhy_6801,3QHY,B:N10A,NB10A,,True,B:N10A,1,True,B,A,2.25425554,False,,298.00,1.35E-11,3E-13,23625930,IASP,SKEMPI2,experimental_ddg
skempi2_3qhy_6802,3QHY,B:D12A,DB12A,,True,B:D12A,1,True,B,A,2.25425554,False,,298.00,1.35E-11,3E-13,23625930,IASP,SKEMPI2,experimental_ddg
skempi2_3qhy_6803,3QHY,B:W13A,WB13A,,True,B:W13A,1,True,B,A,2.86241393,False,,298.00,3.77E-11,3E-13,23625930,IASP,SKEMPI2,experimental_ddg
skempi2_3qhy_6804,3QHY,B:T17A,TB17A,,True,B:T17A,1,True,B,A,0.05644144,False,,298.00,3.3E-13,3E-13,23625930,IASP,SKEMPI2,experimental_ddg
skempi2_3qhy_6805,3QHY,B:Y33A,YB33A,,True,B:Y33A,1,True,B,A,2.90190769,False,,298.00,4.03E-11,3E-13,23625930,IASP,SKEMPI2,experimental_ddg
skempi2_3qhy_6806,3QHY,B:F34A,FB34A,,True,B:F34A,1,True,B,A,3.98271354,False,,298.00,2.5E-10,3E-13,23625930,IASP,SKEMPI2,experimental_ddg
skempi2_3qhy_6807,3QHY,B:L51A,LB51A,,True,B:L51A,1,True,B,A,0.81598975,False,,298.00,1.19E-12,3E-13,23625930,IASP,SKEMPI2,experimental_ddg
skempi2_3qhy_6808,3QHY,B:N72A,NB72A,,True,B:N72A,1,True,B,A,1.60498628,False,,298.00,4.51E-12,3E-13,23625930,IASP,SKEMPI2,experimental_ddg
skempi2_3qhy_6809,3QHY,B:Y73A,YB73A,,True,B:Y73A,1,True,B,A,0.80086926,False,,298.00,1.16E-12,3E-13,23625930,IASP,SKEMPI2,experimental_ddg
skempi2_3qhy_6810,3QHY,B:D91A,DB91A,,True,B:D91A,1,True,B,A,1.88854531,False,,298.00,7.28E-12,3E-13,23625930,IASP,SKEMPI2,experimental_ddg
skempi2_3qhy_6811,3QHY,B:W112A,WB112A,,True,B:W112A,1,True,B,A,3.78817774,False,,298.00,1.8E-10,3E-13,23625930,IASP,SKEMPI2,experimental_ddg
skempi2_3qhy_6812,3QHY,B:D127A,DB127A,,True,B:D127A,1,True,B,A,0.38009744,False,,298.00,5.7E-13,3E-13,23625930,IASP,SKEMPI2,experimental_ddg
skempi2_3qhy_6813,3QHY,B:S129A,SB129A,,True,B:S129A,1,True,B,A,-0.08474244,False,,298.00,2.6E-13,3E-13,23625930,IASP,SKEMPI2,experimental_ddg
skempi2_3qhy_6814,3QHY,B:D130A,DB130A,,True,B:D130A,1,True,B,A,0.96093165,False,,298.00,1.52E-12,3E-13,23625930,IASP,SKEMPI2,experimental_ddg
skempi2_3qhy_6815,3QHY,B:Y151A,YB151A,,True,B:Y151A,1,True,B,A,3.42206066,False,,298.00,9.7E-11,3E-13,23625930,IASP,SKEMPI2,experimental_ddg
skempi2_3qhy_6816,3QHY,B:D166A,DB166A,,True,B:D166A,1,True,B,A,3.49653964,False,,298.00,1.1E-10,3E-13,23625930,IASP,SKEMPI2,experimental_ddg
skempi2_3qhy_6817,3QHY,B:Y168A,YB168A,,True,B:Y168A,1,True,B,A,1.74261826,False,,298.00,5.69E-12,3E-13,23625930,IASP,SKEMPI2,experimental_ddg
skempi2_3qhy_6818,3QHY,B:F169A,FB169A,,True,B:F169A,1,True,B,A,2.06154467,False,,298.00,9.75E-12,3E-13,23625930,IASP,SKEMPI2,experimental_ddg
skempi2_3qhy_6819,3QHY,B:I189A,IB189A,,True,B:I189A,1,True,B,A,3.06636208,False,,298.00,5.32E-11,3E-13,23625930,IASP,SKEMPI2,experimental_ddg
skempi2_3qhy_6820,3QHY,B:F190A,FB190A,,True,B:F190A,1,True,B,A,3.07410320,False,,298.00,5.39E-11,3E-13,23625930,IASP,SKEMPI2,experimental_ddg
skempi2_3qhy_6821,3QHY,B:Y208A,YB208A,,True,B:Y208A,1,True,B,A,0.24011111,False,,298.00,4.5E-13,3E-13,23625930,IASP,SKEMPI2,experimental_ddg
skempi2_3qhy_6822,3QHY,B:E228A,EB228A,,True,B:E228A,1,True,B,A,3.01158800,False,,298.00,4.85E-11,3E-13,23625930,IASP,SKEMPI2,experimental_ddg
skempi2_3qhy_6823,3QHY,B:W229A,WB229A,,True,B:W229A,1,True,B,A,5.43006838,False,,298.00,2.88E-09,3E-13,23625930,IASP,SKEMPI2,experimental_ddg
skempi2_3qhy_6824,3QHY,B:R246A,RB246A,,True,B:R246A,1,True,B,A,0.53466640,False,,298.00,7.4E-13,3E-13,23625930,IASP,SKEMPI2,experimental_ddg
skempi2_3qhy_6825,3QHY,B:N264A,NB264A,,True,B:N264A,1,True,B,A,2.69466460,False,,298.00,2.84E-11,3E-13,23625930,IASP,SKEMPI2,experimental_ddg
skempi2_1ffw_1055,1FFW,A:D12K,DA12K,,True,A:D12K,1,True,A,B,0.04740024,False,,298.00,1.3E-06,1.2E-06,7592655,ELISA,SKEMPI2,experimental_ddg
skempi2_1ffw_1056,1FFW,A:T86I,TA86I,,True,A:T86I,1,True,A,B,-0.31918665,False,,298.00,7E-07,1.2E-06,7592655,ELISA,SKEMPI2,experimental_ddg
skempi2_1ffw_1057,1FFW,A:A89V,AA89V,,True,A:A89V,1,True,A,B,0.09128601,False,,298.00,1.4E-06,1.2E-06,7592655,ELISA,SKEMPI2,experimental_ddg
skempi2_1ffw_1058,1FFW,A:E92K,EA92K,,True,A:E92K,1,True,A,B,0.82094532,False,,298.00,4.8E-06,1.2E-06,7592655,ELISA,SKEMPI2,experimental_ddg
skempi2_1ffw_1059,1FFW,A:Y105W,YA105W,,True,A:Y105W,1,True,A,B,0.71297689,False,,298.00,4E-06,1.2E-06,7592655,ELISA,SKEMPI2,experimental_ddg
skempi2_1ffw_1060,1FFW,A:V107M,VA107M,,True,A:V107M,1,True,A,B,1.13080600,False,,298.00,8.1E-06,1.2E-06,7592655,ELISA,SKEMPI2,experimental_ddg
skempi2_1ffw_1061,1FFW,A:F110V,FA110V,,True,A:F110V,1,True,A,B,1.25559222,False,,298.00,1E-05,1.2E-06,7592655,ELISA,SKEMPI2,experimental_ddg
skempi2_1ffw_1062,1FFW,A:T111I,TA111I,,True,A:T111I,1,True,A,B,0.56203304,False,,298.00,3.1E-06,1.2E-06,7592655,ELISA,SKEMPI2,experimental_ddg
skempi2_1ffw_1063,1FFW,A:E116K,EA116K,,True,A:E116K,1,True,A,B,0.71297689,False,,298.00,4E-06,1.2E-06,7592655,ELISA,SKEMPI2,experimental_ddg
skempi2_1ffw_6670,1FFW,A:A102V,AA102V,,True,A:A102V,1,True,A,B,1.36356066,False,,298.00,1.23E-05,1.23E-06,7578071,ITC,SKEMPI2,experimental_ddg
skempi2_1ffw_6671,1FFW,A:Y50C,YA50C,,True,A:Y50C,1,True,A,B,0.12536369,False,,298.00,1.52E-06,1.23E-06,7578071,ITC,SKEMPI2,experimental_ddg
