source_row_id,pdb_id,mutation_tokens,canonical_signature,source_mutation_tokens,source_mut_index,structure_mapped,mutation_count,single_point,antibody_chains,antigen_chains,ddg_kcal_mol,ddg_censored,censor_reason,temperature_K,affinity_mut_M,affinity_wt_M,reference,method,source_dataset,label_type
skempi2_1ffw_1055,1FFW,A:D12K,A:D12K,DA12K,,True,1,True,A,B,0.04740024,False,,298.00,1.3E-06,1.2E-06,7592655,ELISA,SKEMPI2,experimental_ddg
skempi2_1ffw_1056,1FFW,A:T86I,A:T86I,TA86I,,True,1,True,A,B,-0.31918665,False,,298.00,7E-07,1.2E-06,7592655,ELISA,SKEMPI2,experimental_ddg
skempi2_1ffw_1057,1FFW,A:A89V,A:A89V,AA89V,,True,1,True,A,B,0.09128601,False,,298.00,1.4E-06,1.2E-06,7592655,ELISA,SKEMPI2,experimental_ddg
skempi2_1ffw_1058,1FFW,A:E92K,A:E92K,EA92K,,True,1,True,A,B,0.82094532,False,,298.00,4.8E-06,1.2E-06,7592655,ELISA,SKEMPI2,experimental_ddg
skempi2_1ffw_1059,1FFW,A:Y105W,A:Y105W,YA105W,,True,1,True,A,B,0.71297689,False,,298.00,4E-06,1.2E-06,7592655,ELISA,SKEMPI2,experimental_ddg
skempi2_1ffw_1060,1FFW,A:V107M,A:V107M,VA107M,,True,1,True,A,B,1.13080600,False,,298.00,8.1E-06,1.2E-06,7592655,ELISA,SKEMPI2,experimental_ddg
skempi2_1ffw_1061,1FFW,A:F110V,A:F110V,FA110V,,True,1,True,A,B,1.25559222,False,,298.00,1E-05,1.2E-06,7592655,ELISA,SKEMPI2,experimental_ddg
skempi2_1ffw_1062,1FFW,A:T111I,A:T111I,TA111I,,True,1,True,A,B,0.56203304,False,,298.00,3.1E-06,1.2E-06,7592655,ELISA,SKEMPI2,experimental_ddg
skempi2_1ffw_1063,1FFW,A:E116K,A:E116K,EA116K,,True,1,True,A,B,0.71297689,False,,298.00,4E-06,1.2E-06,7592655,ELISA,SKEMPI2,experimental_ddg
skempi2_1ffw_6670,1FFW,A:A102V,A:A102V,AA102V,,True,1,True,A,B,1.36356066,False,,298.00,1.23E-05,1.23E-06,7578071,ITC,SKEMPI2,experimental_ddg
skempi2_1ffw_6671,1FFW,A:Y50C,A:Y50C,YA50C,,True,1,True,A,B,0.12536369,False,,298.00,1.52E-06,1.23E-06,7578071,ITC,SKEMPI2,experimental_ddg
