mutation_group_id,ddg_kcal_mol,note
antigen_a_q43a,-0.02,n_meas=1
antigen_a_t64a,0.19,n_meas=1
antigen_a_v67a,-0.14,n_meas=1
antigen_a_a69g,0.43,n_meas=1
antigen_a_h70a,0.52,n_meas=1
antigen_a_q72a,-0.46,n_meas=1
antigen_a_t73a,0.85,n_meas=1
antigen_a_h74a,0.6,n_meas=1
antigen_a_v76a,0.87,n_meas=1
antigen_a_t80a,0.2,n_meas=1
antigen_a_a149g,0.12,n_meas=1
antigen_a_a150g,0.45,n_meas=1
antigen_a_h151a,0.0,n_meas=1
antigen_a_v152a,1.39,n_meas=1
antigen_a_q155a,0.49,n_meas=1
antigen_a_a158g,0.13,n_meas=1
antigen_a_t163a,0.32,n_meas=1
antibody_d_s31a,0.63,n_meas=1
antibody_d_s32a,1.02,n_meas=2
antibody_d_q34a,0.99,n_meas=2
antibody_e_q52a,2.16,n_meas=1
antibody_e_i53a,2.16,n_meas=1
antibody_e_i53g,2.16,n_meas=1
antibody_e_i53n,2.16,n_meas=1
antibody_e_i53v,0.2,n_meas=2
antibody_e_i53l,1.42,n_meas=1
antibody_e_n55a,1.11,n_meas=2
antibody_e_q58a,0.5,n_meas=2
antibody_e_s99a,-0.02,n_meas=2
antibody_e_y101a,0.22,n_meas=2
antibody_e_y101f,0.5,n_meas=2
